_TYPE_,_NAME_,gotweight,chob,chbmi,bmibpreg,abwt,gweek,prev_preg,incom01,income,Comp_Gesdbg,Comp_prghtng,Comp_peclmpg,Delivery,pregcomp,pregcomp2,husbeduc,mosmk,agebirth,chwest,chcal,chst,chpa,moage,mowest,mocal,mopa,mobmi,moshift,ses,supermarket,restaurant,fastfood,convenience,foodswamp,supermarketz,restaurantz,fastfoodz,conveniencez,foodswampz,supermarketa,restauranta,fastfooda,conveniencea,foodswampa
MEAN,,0.3145715238,0,18.722389463,22.155449293,1.9866622207,2.0000666889,1.0776925642,6.9739246415,2.4292097366,0.0254751584,0.0398132711,0.0438146049,0.1977325775,0.2547515839,0.0892297432,2.1461820607,1.3828609537,28.401611648,-0.010717366,2170.7311492,50.998128178,17.565360366,40.614538179,0.0933018375,1863.2604805,20.11719965,24.091430079,8.9806468568,0.1844876661,1.5119593689,6.6865347102,4.8154581781,0.7135949168,31.727424767,1.5126382961,6.6906878366,4.8156256974,0.7141094484,31.748258835,1.5133172234,6.694840963,4.8157932167,0.71462398,31.728028803
STD,,0.4643604854,0,2.8858730287,3.3497788345,0.255567908,0.3647646047,1.0057354584,1.4651435518,0.89369638,0.1575684944,0.1955267861,0.2046892263,0.3983026301,0.4357360168,0.2850845773,0.6905278124,0.6229672969,3.5367468445,0.9938580535,700.45177899,22.962458202,11.106901184,3.5594011359,0.8952501562,496.32588682,22.418104425,4.4989220054,11.493715816,3.4634719686,5.0824038274,26.401781653,9.8899571823,1.2976635063,45.532532417,5.0820720508,26.399869378,9.8898693181,1.2971620959,45.539544407,5.0819996561,26.399676474,9.8897940328,1.2970970473,45.532092804
N,,14995,14995,14995,14995,14995,14995,14995,14995,14995,14995,14995,14995,14995,14995,14995,14995,14995,14995,14995,14995,14995,14995,14995,14995,14995,14995,14995,14995,14995,14995,14995,14995,14995,14995,14995,14995,14995,14995,14995,14995,14995,14995,14995,14995
CORR,gotweight,1,,0.1162654869,0.2145032052,0.0748235452,0.0715384103,-0.031718377,-0.006636134,-0.003281384,0.0271934712,0.0971080111,0.1349495376,0.0866482064,0.1227268861,0.1335576133,-0.00992674,0.0755752823,-0.01930182,-0.005150931,-0.014482904,0.02718059,-0.00157559,-0.016234259,0.0024793971,0.0173007543,0.0024360194,0.2742222548,0.0340203462,-0.008199987,0.0075319645,0.0043525384,-0.000093484,0.0102838791,-0.006504547,0.0075086027,0.0041910684,-0.000222857,0.010158261,-0.006968114,0.0073748305,0.0036241797,-0.000367778,0.0099073984,-0.006519622
CORR,chob,,,,,,,,,,,,,,,,,,,,,,,,,,,,,,,,,,,,,,,,,,,,
CORR,chbmi,0.1162654869,,1,0.225431179,0.0261756077,0.0339155524,-0.031574312,-0.02952683,-0.032082236,-0.0000176,0.0138134549,0.0338503702,0.0220023315,0.0328331268,0.0319523833,-0.051143378,0.0441808533,-0.078757784,-0.023301495,-0.063997085,0.0840223884,0.0281331673,0.0876311325,0.0206774379,-0.011281664,-0.008935124,0.2587242276,0.0300989292,-0.059512876,-0.001098318,-0.002832808,-0.006567956,0.0037890881,0.006408471,-0.001072834,-0.003059047,-0.006804525,0.0034802892,0.0061526976,-0.001027545,-0.003671214,-0.007075458,0.003208151,0.0063928013
CORR,bmibpreg,0.2145032052,,0.225431179,1,0.0432970431,0.0181039314,0.0992856711,-0.068635279,-0.072609098,0.042838609,0.0705761168,0.070953234,0.1004912311,0.1190120045,0.0934733408,-0.066698847,0.0223582757,0.0663924006,0.0159873553,-0.030650932,0.0326162716,-0.014072639,0.0428970072,0.0446011568,-0.003473231,-0.049982632,0.8106868982,0.0622498214,-0.08979346,0.0201926222,0.0025893214,0.0014948084,0.0300092031,0.0038548193,0.0198641133,0.0026358158,0.0014720957,0.0292714349,0.0037978308,0.0191519283,0.0025723746,0.0014651204,0.0283606376,0.0040826766
CORR,abwt,0.0748235452,,0.0261756077,0.0432970431,1,0.309460677,0.04214506,0.0171202152,0.0096146068,0.0544531414,-0.05239862,-0.082419256,-0.062992093,-0.056823436,-0.041866551,-0.003356315,-0.003776578,-0.009133101,-0.001156074,0.0186007775,-0.001360592,0.0133218706,-0.017287362,0.0195089188,0.0171238745,-0.005361647,0.0442795204,0.0046822057,0.0051470652,-0.029688474,-0.02488687,-0.032751291,-0.010475458,0.005429155,-0.029938138,-0.025038808,-0.032748353,-0.011421857,0.0047922953,-0.030473838,-0.025673396,-0.03273993,-0.012565169,0.0054332325
CORR,gweek,0.0715384103,,0.0339155524,0.0181039314,0.309460677,1,-0.030976072,0.0192074653,0.0199386093,0.0011314901,-0.011257417,-0.038446825,-0.012023721,-0.010594569,-0.019937084,0.002496351,0.0033753147,-0.03597562,0.0043648185,-0.000331533,0.0090635181,0.0059643266,-0.019518543,0.0090039047,0.0126883424,0.0035009577,0.0219081856,0.0053179801,0.0187402484,0.0028380909,0.0017760149,0.001913058,0.0076803216,-0.008613909,0.0028408105,0.0017769905,0.0019131857,0.0074635347,-0.008621679,0.002838947,0.0017774657,0.0019125286,0.0072323576,-0.008625462
CORR,prev_preg,-0.031718377,,-0.031574312,0.0992856711,0.04214506,-0.030976072,1,0.0034868065,0.0071229086,0.0067419775,-0.051789837,-0.090078539,-0.014418357,-0.036020866,-0.075509998,0.0142763182,0.0532844365,0.3820647842,-0.000371422,0.0013933378,-0.013158269,0.001329271,0.320090825,-0.001188434,-0.000872219,0.0102214118,0.0403770334,-0.019907118,0.0128038796,0.0127004159,0.0076873247,0.0065953445,-0.002336663,-0.012684977,0.012721958,0.007812843,0.0064905465,-0.002609726,-0.011949636,0.0128271289,0.0082588759,0.0063574992,-0.002946742,-0.012323528
CORR,incom01,-0.006636134,,-0.02952683,-0.068635279,0.0171202152,0.0192074653,0.0034868065,1,0.9596428105,-2.452959E-6,-0.01123678,-0.019229439,0.0055471487,0.0054002679,-0.010679677,0.2694179918,-0.0178646,0.0699868475,-0.031851449,0.0080958204,-0.017376972,0.0150849908,0.0633496951,-0.127741272,-0.058519553,0.0476957214,-0.096406049,-0.020302405,0.2866373377,-0.03723534,-0.001807192,-0.003541805,-0.06448833,-0.011876994,-0.036804149,-0.00175901,-0.00355508,-0.064478175,-0.011531648,-0.036061505,-0.001687901,-0.003570368,-0.064346281,-0.011767152
CORR,income,-0.003281384,,-0.032082236,-0.072609098,0.0096146068,0.0199386093,0.0071229086,0.9596428105,1,-0.001992154,-0.009024753,-0.016631259,0.006934189,0.0060333986,-0.010506371,0.2754494129,-0.017397221,0.0755723108,-0.038470116,0.004793454,-0.01819843,0.0131929612,0.0698303392,-0.128922231,-0.060542172,0.0490818656,-0.096553364,-0.022474427,0.2847530602,-0.032401722,0.0010611468,-0.002167951,-0.058906513,-0.015642002,-0.031948881,0.001045376,-0.002203684,-0.0588628,-0.015314705,-0.031173923,0.000947669,-0.002251865,-0.058680623,-0.015504121
CORR,Comp_Gesdbg,0.0271934712,,-0.0000176,0.042838609,0.0544531414,0.0011314901,0.0067419775,-2.452959E-6,-0.001992154,1,0.0558316666,0.0605109977,0.0610677722,0.2765375264,0.516549074,0.0034585008,-0.006070583,0.025946669,0.0076122414,0.0030856413,0.0011313535,-0.011743179,0.0133224369,0.0344977236,0.0264196683,-0.019436019,0.0502065103,0.0037566209,-0.000212472,0.0031808083,0.0045738918,0.0018914508,0.0055711707,-0.001971479,0.0031079019,0.0047754647,0.0018596234,0.0054170359,-0.001547096,0.0029842117,0.0055519291,0.0018235992,0.0052282354,-0.001881335
CORR,Comp_prghtng,0.0971080111,,0.0138134549,0.0705761168,-0.05239862,-0.011257417,-0.051789837,-0.01123678,-0.009024753,0.0558316666,1,0.3463506306,0.0864539993,0.348279703,0.6505574864,0.0056417961,-0.013060678,-0.014117327,0.0124495813,-0.000961906,0.0181467264,-0.006919716,-0.016278303,0.00977421,0.0033122034,0.0164916179,0.0780901537,0.0112791946,-0.0051506,0.005081079,0.0058036579,0.0030624485,0.0043506191,-0.008052829,0.0053249278,0.0059411102,0.0030256582,0.0050092856,-0.007375435,0.0059147444,0.0066131838,0.0029834039,0.0059079949,-0.008123951
CORR,Comp_peclmpg,0.1349495376,,0.0338503702,0.070953234,-0.082419256,-0.038446825,-0.090078539,-0.019229439,-0.016631259,0.0605109977,0.3463506306,1,0.1178710797,0.3661259244,0.6838927421,-0.021815703,-0.003202848,-0.07911085,0.0124578019,0.0035752865,0.0285817572,0.0054485246,-0.069473759,0.018354126,0.015886766,0.0108302333,0.0873378906,0.0125813132,-0.025234144,0.0145661415,0.0026348735,0.0035412867,0.01098671,0.0073410038,0.0144772479,0.0025534011,0.0035012029,0.010787017,0.0071012186,0.0143109667,0.0023343808,0.0034556609,0.0105355755,0.007266486
CORR,Delivery,0.0866482064,,0.0220023315,0.1004912311,-0.062992093,-0.012023721,-0.014418357,0.0055471487,0.006934189,0.0610677722,0.0864539993,0.1178710797,1,0.8491249844,0.1282966923,-0.009178458,0.0213651217,0.0522151682,0.0013694662,-0.00670516,0.0158099475,-0.013770138,0.0328112269,-0.010892757,-0.021328053,-0.013970883,0.1064369082,-0.010572616,0.0231027225,0.0304525941,0.0251130628,0.0318884035,0.0120856186,-0.001817322,0.0302448248,0.0250449978,0.0318029606,0.0122341156,-0.002142424,0.029857254,0.0249034841,0.0317019491,0.0122849076,-0.001922889
CORR,pregcomp,0.1227268861,,0.0328331268,0.1190120045,-0.056823436,-0.010594569,-0.036020866,0.0054002679,0.0060333986,0.2765375264,0.348279703,0.3661259244,0.8491249844,1,0.5353557683,-0.006567082,0.0153645788,0.0289852112,0.0071044288,-0.004941982,0.0201611587,-0.01464687,0.0120718316,0.0029816941,-0.008836039,-0.008506972,0.1306075444,-0.001872556,0.0122597083,0.0247918624,0.0215582733,0.0257722989,0.0133946173,0.0018695587,0.0246897307,0.0215400245,0.0256673443,0.0135954985,0.0018337831,0.0245699057,0.0216711852,0.0255458792,0.0138060618,0.0017267349
CORR,pregcomp2,0.1335576133,,0.0319523833,0.0934733408,-0.041866551,-0.019937084,-0.075509998,-0.010679677,-0.010506371,0.516549074,0.6505574864,0.6838927421,0.1282966923,0.5353557683,1,-0.005174575,-0.006894407,-0.036581638,0.0127693585,-0.000956154,0.0188531263,-0.007779599,-0.036778085,0.026825451,0.0187203724,-0.000700613,0.1120256003,0.011912314,-0.017951098,0.0056062896,0.0037898694,-0.000453379,0.011325197,0.0022024572,0.005695301,0.0039619059,-0.000513663,0.0116150753,0.0028114607,0.0059654974,0.0047650935,-0.000581199,0.0120277573,0.0021763647
CORR,husbeduc,-0.00992674,,-0.051143378,-0.066698847,-0.003356315,0.002496351,0.0142763182,0.2694179918,0.2754494129,0.0034585008,0.0056417961,-0.021815703,-0.009178458,-0.006567082,-0.005174575,1,-0.068830511,0.198163894,-0.091149753,-0.005502158,-0.03365882,-0.018790978,0.1927685053,-0.112736748,0.0139914064,0.0452771082,-0.101170371,-0.001677075,0.2644043538,0.030867899,0.0781710547,0.0738436178,0.0099384055,-0.049310832,0.031372159,0.0784956076,0.0739604038,0.0107450145,-0.048744623,0.0321914742,0.0793713644,0.0740972569,0.0116608849,-0.049289383
CORR,mosmk,0.0755752823,,0.0441808533,0.0223582757,-0.003776578,0.0033753147,0.0532844365,-0.0178646,-0.017397221,-0.006070583,-0.013060678,-0.003202848,0.0213651217,0.0153645788,-0.006894407,-0.068830511,1,0.0649983906,0.0300098894,0.0207711375,0.0383309993,0.0490420461,0.0645194606,-0.021841807,-0.038683728,0.0241440538,0.027538434,0.0615907655,0.0237356506,0.0219181145,0.0375923882,0.0405885478,0.0322693448,-0.011547166,0.0217594573,0.037687519,0.0405679995,0.0325907211,-0.011006084,0.0214840854,0.037953737,0.0405267707,0.032760574,-0.011246704
CORR,agebirth,-0.01930182,,-0.078757784,0.0663924006,-0.009133101,-0.03597562,0.3820647842,0.0699868475,0.0755723108,0.025946669,-0.014117327,-0.07911085,0.0522151682,0.0289852112,-0.036581638,0.198163894,0.0649983906,1,-0.066688424,-0.026615536,-0.019651814,-0.066293908,0.8738570597,-0.123306532,-0.045734199,-0.059756527,0.0208758133,0.0141458625,0.2124099606,0.0714300041,0.094251153,0.076259825,0.0018467996,-0.074351483,0.0713740266,0.0941440292,0.0760633553,0.0017160943,-0.074921162,0.0711971299,0.0939706493,0.0758471959,0.0014667411,-0.074559449
CORR,chwest,-0.005150931,,-0.023301495,0.0159873553,-0.001156074,0.0043648185,-0.000371422,-0.031851449,-0.038470116,0.0076122414,0.0124495813,0.0124578019,0.0013694662,0.0071044288,0.0127693585,-0.091149753,0.0300098894,-0.066688424,1,0.7577268314,0.0834837443,0.1285232788,-0.063935511,0.2389332133,0.1243925009,-0.008692801,0.0476851506,0.032680472,-0.07472269,-0.026414575,-0.021409052,-0.021853288,0.015801795,0.016801462,-0.026513262,-0.021433268,-0.021818701,0.0157561237,0.0162098115,-0.026593106,-0.021495302,-0.021753994,0.0158149206,0.0162795859
CORR,chcal,-0.014482904,,-0.063997085,-0.030650932,0.0186007775,-0.000331533,0.0013933378,0.0080958204,0.004793454,0.0030856413,-0.000961906,0.0035752865,-0.00670516,-0.004941982,-0.000956154,-0.005502158,0.0207711375,-0.026615536,0.7577268314,1,0.0727504646,0.2287139071,-0.025389384,0.1573407055,0.1795681198,0.0412992088,-0.019550925,0.0270663326,0.0192407286,-0.016390948,0.0100547102,0.000489103,-0.008478292,-0.011793314,-0.016399996,0.0099977633,0.0004557031,-0.008305638,-0.012266751,-0.016373346,0.0098688543,0.0004399098,-0.007930432,-0.012200588
CORR,chst,0.02718059,,0.0840223884,0.0326162716,-0.001360592,0.0090635181,-0.013158269,-0.017376972,-0.01819843,0.0011313535,0.0181467264,0.0285817572,0.0158099475,0.0201611587,0.0188531263,-0.03365882,0.0383309993,-0.019651814,0.0834837443,0.0727504646,1,0.1714488989,0.0311853326,0.0341496799,0.0081841876,0.031125285,0.0683415735,0.0539853039,-0.007725263,0.0334340033,0.0397962627,0.0415602499,0.037493805,-0.01068409,0.0332148304,0.0396977485,0.0416077228,0.0373207769,-0.011128291,0.032852771,0.039257437,0.0416410319,0.0369489683,-0.010776818
CORR,chpa,-0.00157559,,0.0281331673,-0.014072639,0.0133218706,0.0059643266,0.001329271,0.0150849908,0.0131929612,-0.011743179,-0.006919716,0.0054485246,-0.013770138,-0.01464687,-0.007779599,-0.018790978,0.0490420461,-0.066293908,0.1285232788,0.2287139071,0.1714488989,1,0.0099032156,0.0174539176,0.0314181225,0.1323085722,-0.006010432,0.040749787,-0.017514131,0.001165635,-0.003619363,-0.010370029,-0.002577337,-0.006077263,0.0008493941,-0.003640486,-0.010291572,-0.00285373,-0.006495214,0.0003389184,-0.003887755,-0.010190019,-0.003089885,-0.006156889
CORR,moage,-0.016234259,,0.0876311325,0.0428970072,-0.017287362,-0.019518543,0.320090825,0.0633496951,0.0698303392,0.0133224369,-0.016278303,-0.069473759,0.0328112269,0.0120718316,-0.036778085,0.1927685053,0.0645194606,0.8738570597,-0.063935511,-0.025389384,0.0311853326,0.0099032156,1,-0.115767854,-0.047315691,-0.065822403,0.0378534074,0.0137074723,0.1967276892,0.0703782494,0.0948874399,0.0758636006,0.0057317155,-0.077417042,0.0702701193,0.0948055676,0.0756418109,0.0056354818,-0.077705753,0.0699939823,0.0947380126,0.0753824947,0.0054146464,-0.077431976
CORR,mowest,0.0024793971,,0.0206774379,0.0446011568,0.0195089188,0.0090039047,-0.001188434,-0.127741272,-0.128922231,0.0344977236,0.00977421,0.018354126,-0.010892757,0.0029816941,0.026825451,-0.112736748,-0.021841807,-0.123306532,0.2389332133,0.1573407055,0.0341496799,0.0174539176,-0.115767854,1,0.7361107529,-0.09765984,0.112106444,0.0336962218,-0.175667214,-0.045437216,-0.063220363,-0.057572822,0.0049030548,0.0440549126,-0.045306837,-0.063312729,-0.057694685,0.0048775552,0.0443822146,-0.04505758,-0.063345918,-0.057824928,0.0049948082,0.0441503783
CORR,mocal,0.0173007543,,-0.011281664,-0.003473231,0.0171238745,0.0126883424,-0.000872219,-0.058519553,-0.060542172,0.0264196683,0.0033122034,0.015886766,-0.021328053,-0.008836039,0.0187203724,0.0139914064,-0.038683728,-0.045734199,0.1243925009,0.1795681198,0.0081841876,0.0314181225,-0.047315691,0.7361107529,1,0.0642027206,0.0269130619,0.0369189511,-0.032990949,0.0033438719,-0.00217808,-0.005290177,0.0054933335,-0.000657042,0.0036589754,-0.002096276,-0.005300698,0.0060822698,0.0002020891,0.0041783355,-0.001817067,-0.005319114,0.0068784422,-0.000283991
CORR,mopa,0.0024360194,,-0.008935124,-0.049982632,-0.005361647,0.0035009577,0.0102214118,0.0476957214,0.0490818656,-0.019436019,0.0164916179,0.0108302333,-0.013970883,-0.008506972,-0.000700613,0.0452771082,0.0241440538,-0.059756527,-0.008692801,0.0412992088,0.031125285,0.1323085722,-0.065822403,-0.09765984,0.0642027206,1,-0.09821197,0.0685763111,0.0489854351,0.0010260605,-0.000969004,-0.01009122,0.0053721718,-0.016702195,0.0012743062,-0.000700555,-0.009868689,0.005580587,-0.015776729,0.0018035021,-0.000057977,-0.009627695,0.0059415237,-0.016439559
CORR,mobmi,0.2742222548,,0.2587242276,0.8106868982,0.0442795204,0.0219081856,0.0403770334,-0.096406049,-0.096553364,0.0502065103,0.0780901537,0.0873378906,0.1064369082,0.1306075444,0.1120256003,-0.101170371,0.027538434,0.0208758133,0.0476851506,-0.019550925,0.0683415735,-0.006010432,0.0378534074,0.112106444,0.0269130619,-0.09821197,1,0.0831330796,-0.123729811,0.0231798776,0.008498224,0.0087340031,0.050731266,0.0070983634,0.0230321287,0.0085472925,0.0087560671,0.0502344287,0.0071521214,0.0226710265,0.0085851842,0.0087815253,0.0495324008,0.007295875
CORR,moshift,0.0340203462,,0.0300989292,0.0622498214,0.0046822057,0.0053179801,-0.019907118,-0.020302405,-0.022474427,0.0037566209,0.0112791946,0.0125813132,-0.010572616,-0.001872556,0.011912314,-0.001677075,0.0615907655,0.0141458625,0.032680472,0.0270663326,0.0539853039,0.040749787,0.0137074723,0.0336962218,0.0369189511,0.0685763111,0.0831330796,1,-0.019496235,-0.005633483,0.0043825701,-0.003168027,0.024073031,-0.01267021,-0.005514601,0.0043292405,-0.003109024,0.024641955,-0.012893319,-0.005384496,0.0041388655,-0.003044982,0.0251402504,-0.012676634
CORR,ses,-0.008199987,,-0.059512876,-0.08979346,0.0051470652,0.0187402484,0.0128038796,0.2866373377,0.2847530602,-0.000212472,-0.0051506,-0.025234144,0.0231027225,0.0122597083,-0.017951098,0.2644043538,0.0237356506,0.2124099606,-0.07472269,0.0192407286,-0.007725263,-0.017514131,0.1967276892,-0.175667214,-0.032990949,0.0489854351,-0.123729811,-0.019496235,1,0.0998132337,0.2396864545,0.2275787159,-0.047477732,-0.173737783,0.099907047,0.2396112885,0.2276505303,-0.047112307,-0.174688198,0.1000065637,0.2389983914,0.2276942866,-0.046716149,-0.174242653
CORR,supermarket,0.0075319645,,-0.001098318,0.0201926222,-0.029688474,0.0028380909,0.0127004159,-0.03723534,-0.032401722,0.0031808083,0.005081079,0.0145661415,0.0304525941,0.0247918624,0.0056062896,0.030867899,0.0219181145,0.0714300041,-0.026414575,-0.016390948,0.0334340033,0.001165635,0.0703782494,-0.045437216,0.0033438719,0.0010260605,0.0231798776,-0.005633483,0.0998132337,1,0.6982654037,0.6726256889,0.40831217,-0.539709491,0.9997754686,0.6986447182,0.6728591209,0.4091072428,-0.54077657,0.9983100107,0.6988124349,0.6730269535,0.4091827586,-0.540005461
CORR,restaurant,0.0043525384,,-0.002832808,0.0025893214,-0.02488687,0.0017760149,0.0076873247,-0.001807192,0.0010611468,0.0045738918,0.0058036579,0.0026348735,0.0251130628,0.0215582733,0.0037898694,0.0781710547,0.0375923882,0.094251153,-0.021409052,0.0100547102,0.0397962627,-0.003619363,0.0948874399,-0.063220363,-0.00217808,-0.000969004,0.008498224,0.0043825701,0.2396864545,0.6982654037,1,0.8649158119,0.5111814263,-0.638250618,0.6983593884,0.9998859539,0.8648692939,0.5127087448,-0.640510737,0.6978056393,0.9981957863,0.8646703196,0.5134757687,-0.638976453
CORR,fastfood,-0.000093484,,-0.006567956,0.0014948084,-0.032751291,0.001913058,0.0065953445,-0.003541805,-0.002167951,0.0018914508,0.0030624485,0.0035412867,0.0318884035,0.0257722989,-0.000453379,0.0738436178,0.0405885478,0.076259825,-0.021853288,0.000489103,0.0415602499,-0.010370029,0.0758636006,-0.057572822,-0.005290177,-0.01009122,0.0087340031,-0.003168027,0.2275787159,0.6726256889,0.8649158119,1,0.5061617964,-0.327314886,0.6730948713,0.8652059538,0.9999319587,0.5076657352,-0.32755937,0.6731484729,0.8651915277,0.9996900784,0.5084244494,-0.327031957
CORR,convenience,0.0102838791,,0.0037890881,0.0300092031,-0.010475458,0.0076803216,-0.002336663,-0.06448833,-0.058906513,0.0055711707,0.0043506191,0.01098671,0.0120856186,0.0133946173,0.011325197,0.0099384055,0.0322693448,0.0018467996,0.015801795,-0.008478292,0.037493805,-0.002577337,0.0057317155,0.0049030548,0.0054933335,0.0053721718,0.050731266,0.024073031,-0.047477732,0.40831217,0.5111814263,0.5061617964,1,-0.177219722,0.4083238047,0.5117689162,0.5064364827,0.999370183,-0.176708337,0.4076293168,0.5126202158,0.5066574215,0.9969998017,-0.176647158
CORR,foodswamp,-0.006504547,,0.006408471,0.0038548193,0.005429155,-0.008613909,-0.012684977,-0.011876994,-0.015642002,-0.001971479,-0.008052829,0.0073410038,-0.001817322,0.0018695587,0.0022024572,-0.049310832,-0.011547166,-0.074351483,0.016801462,-0.011793314,-0.01068409,-0.006077263,-0.077417042,0.0440549126,-0.000657042,-0.016702195,0.0070983634,-0.01267021,-0.173737783,-0.539709491,-0.638250618,-0.327314886,-0.177219722,1,-0.540430858,-0.639214076,-0.327619459,-0.178442116,0.9983933443,-0.540989612,-0.640753483,-0.327865085,-0.179635461,0.9995743633
CORR,supermarketz,0.0075086027,,-0.001072834,0.0198641133,-0.029938138,0.0028408105,0.012721958,-0.036804149,-0.031948881,0.0031079019,0.0053249278,0.0144772479,0.0302448248,0.0246897307,0.005695301,0.031372159,0.0217594573,0.0713740266,-0.026513262,-0.016399996,0.0332148304,0.0008493941,0.0702701193,-0.045306837,0.0036589754,0.0012743062,0.0230321287,-0.005514601,0.099907047,0.9997754686,0.6983593884,0.6730948713,0.4083238047,-0.540430858,1,0.698859958,0.6733752085,0.4094479135,-0.540854384,0.9992985777,0.6994190918,0.6735899409,0.4099595651,-0.540562008
CORR,restaurantz,0.0041910684,,-0.003059047,0.0026358158,-0.025038808,0.0017769905,0.007812843,-0.00175901,0.001045376,0.0047754647,0.0059411102,0.0025534011,0.0250449978,0.0215400245,0.0039619059,0.0784956076,0.037687519,0.0941440292,-0.021433268,0.0099977633,0.0396977485,-0.003640486,0.0948055676,-0.063312729,-0.002096276,-0.000700555,0.0085472925,0.0043292405,0.2396112885,0.6986447182,0.9998859539,0.8652059538,0.5117689162,-0.639214076,0.698859958,1,0.8652475208,0.5133489474,-0.640851813,0.6985096898,0.9989561664,0.8651510092,0.5142014182,-0.63973802
CORR,fastfoodz,-0.000222857,,-0.006804525,0.0014720957,-0.032748353,0.0019131857,0.0064905465,-0.00355508,-0.002203684,0.0018596234,0.0030256582,0.0035012029,0.0318029606,0.0256673443,-0.000513663,0.0739604038,0.0405679995,0.0760633553,-0.021818701,0.0004557031,0.0416077228,-0.010291572,0.0756418109,-0.057694685,-0.005300698,-0.009868689,0.0087560671,-0.003109024,0.2276505303,0.6728591209,0.8648692939,0.9999319587,0.5064364827,-0.327619459,0.6733752085,0.8652475208,1,0.5079409471,-0.327789733,0.6735136751,0.8653924774,0.999911025,0.5086995667,-0.32736025
CORR,conveniencez,0.010158261,,0.0034802892,0.0292714349,-0.011421857,0.0074635347,-0.002609726,-0.064478175,-0.0588628,0.0054170359,0.0050092856,0.010787017,0.0122341156,0.0135954985,0.0116150753,0.0107450145,0.0325907211,0.0017160943,0.0157561237,-0.008305638,0.0373207769,-0.00285373,0.0056354818,0.0048775552,0.0060822698,0.005580587,0.0502344287,0.024641955,-0.047112307,0.4091072428,0.5127087448,0.5076657352,0.999370183,-0.178442116,0.4094479135,0.5133489474,0.5079409471,1,-0.177574528,0.4094178396,0.5144181348,0.5081621215,0.999095406,-0.177840139
CORR,foodswampz,-0.006968114,,0.0061526976,0.0037978308,0.0047922953,-0.008621679,-0.011949636,-0.011531648,-0.015314705,-0.001547096,-0.007375435,0.0071012186,-0.002142424,0.0018337831,0.0028114607,-0.048744623,-0.011006084,-0.074921162,0.0162098115,-0.012266751,-0.011128291,-0.006495214,-0.077705753,0.0443822146,0.0002020891,-0.015776729,0.0071521214,-0.012893319,-0.174688198,-0.54077657,-0.640510737,-0.32755937,-0.176708337,0.9983933443,-0.540854384,-0.640851813,-0.327789733,-0.177574528,1,-0.540332303,-0.640347768,-0.32800262,-0.178164913,0.9993174919
CORR,supermarketa,0.0073748305,,-0.001027545,0.0191519283,-0.030473838,0.002838947,0.0128271289,-0.036061505,-0.031173923,0.0029842117,0.0059147444,0.0143109667,0.029857254,0.0245699057,0.0059654974,0.0321914742,0.0214840854,0.0711971299,-0.026593106,-0.016373346,0.032852771,0.0003389184,0.0699939823,-0.04505758,0.0041783355,0.0018035021,0.0226710265,-0.005384496,0.1000065637,0.9983100107,0.6978056393,0.6731484729,0.4076293168,-0.540989612,0.9992985777,0.6985096898,0.6735136751,0.4094178396,-0.540332303,1,0.6997467278,0.6738133365,0.4108116601,-0.540935461
CORR,restauranta,0.0036241797,,-0.003671214,0.0025723746,-0.025673396,0.0017774657,0.0082588759,-0.001687901,0.000947669,0.0055519291,0.0066131838,0.0023343808,0.0249034841,0.0216711852,0.0047650935,0.0793713644,0.037953737,0.0939706493,-0.021495302,0.0098688543,0.039257437,-0.003887755,0.0947380126,-0.063345918,-0.001817067,-0.000057977,0.0085851842,0.0041388655,0.2389983914,0.6988124349,0.9981957863,0.8651915277,0.5126202158,-0.640753483,0.6994190918,0.9989561664,0.8653924774,0.5144181348,-0.640347768,0.6997467278,1,0.865484911,0.5156284789,-0.640676724
CORR,fastfooda,-0.000367778,,-0.007075458,0.0014651204,-0.03273993,0.0019125286,0.0063574992,-0.003570368,-0.002251865,0.0018235992,0.0029834039,0.0034556609,0.0317019491,0.0255458792,-0.000581199,0.0740972569,0.0405267707,0.0758471959,-0.021753994,0.0004399098,0.0416410319,-0.010190019,0.0753824947,-0.057824928,-0.005319114,-0.009627695,0.0087815253,-0.003044982,0.2276942866,0.6730269535,0.8646703196,0.9996900784,0.5066574215,-0.327865085,0.6735899409,0.8651510092,0.999911025,0.5081621215,-0.32800262,0.6738133365,0.865484911,1,0.5089203145,-0.327667923
CORR,conveniencea,0.0099073984,,0.003208151,0.0283606376,-0.012565169,0.0072323576,-0.002946742,-0.064346281,-0.058680623,0.0052282354,0.0059079949,0.0105355755,0.0122849076,0.0138060618,0.0120277573,0.0116608849,0.032760574,0.0014667411,0.0158149206,-0.007930432,0.0369489683,-0.003089885,0.0054146464,0.0049948082,0.0068784422,0.0059415237,0.0495324008,0.0251402504,-0.046716149,0.4091827586,0.5134757687,0.5084244494,0.9969998017,-0.179635461,0.4099595651,0.5142014182,0.5086995667,0.999095406,-0.178164913,0.4108116601,0.5156284789,0.5089203145,1,-0.178961468
CORR,foodswampa,-0.006519622,,0.0063928013,0.0040826766,0.0054332325,-0.008625462,-0.012323528,-0.011767152,-0.015504121,-0.001881335,-0.008123951,0.007266486,-0.001922889,0.0017267349,0.0021763647,-0.049289383,-0.011246704,-0.074559449,0.0162795859,-0.012200588,-0.010776818,-0.006156889,-0.077431976,0.0441503783,-0.000283991,-0.016439559,0.007295875,-0.012676634,-0.174242653,-0.540005461,-0.638976453,-0.327031957,-0.176647158,0.9995743633,-0.540562008,-0.63973802,-0.32736025,-0.177840139,0.9993174919,-0.540935461,-0.640676724,-0.327667923,-0.178961468,1
