_TYPE_,_NAME_,cohort,white,sex,chage,chob,chbmi,chbmibase,bmibpreg,abwt,gweek,prev_preg,incom01,income,Comp_Gesdbg,Comp_prghtng,Comp_peclmpg,Delivery,pregcomp,pregcomp2,husbeduc,mosmk,agebirth,chwest,chcal,chst,chpa,moage,mowest,mocal,mopa,mobmi,moshift,ses,gotweight
MEAN,,1,0.9319427815,0.5390383767,11.558951415,0,18.741516164,18.741516164,22.158400792,1.9884050665,2.0040330204,1.0848824753,6.9643329762,2.4226479299,0.025458441,0.0407082992,0.0433549688,0.1975549814,0.2540802823,0.0891045434,2.1446215893,1.3837670931,28.377302708,-0.006994367,2173.2315583,51.134657281,17.664704522,40.620265927,0.096148716,1862.9852506,20.146760498,24.099865315,9.0192390793,0.1692416875,0.3152057471
STD,,0,0.2518520013,0.4984893821,1.6334838637,0,2.888360181,2.888360181,3.3483729898,0.2545114158,0.3622032513,1.009179675,1.4719418585,0.8969566059,0.1575178476,0.1976198233,0.2036613102,0.3981670517,0.435356677,0.2849035605,0.6881864175,0.6233047795,3.5316285761,0.9961990936,703.90355144,23.038777908,11.165355376,3.5494430065,0.8972286687,497.61741436,22.54635795,4.4918213609,11.609497521,3.4540272773,0.4646124051
N,,15869,15869,15869,15869,15869,15869,15869,15869,15869,15869,15869,15869,15869,15869,15869,15869,15869,15869,15869,15869,15869,15869,15869,15869,15869,15869,15869,15869,15869,15869,15869,15869,15869,15869
CORR,cohort,,,,,,,,,,,,,,,,,,,,,,,,,,,,,,,,,,
CORR,white,,1,0.0040967895,-0.010644647,,-0.010332025,-0.010332025,-0.01890534,0.0329620752,0.007135377,-0.002969654,-0.005828896,-0.005124568,-0.0166876,-0.010173954,-0.008817483,-0.016113712,-0.023331438,-0.015604538,-0.023269444,0.0320271523,-0.036994748,0.0314455379,0.0262001489,-0.05367856,0.0258977013,-0.041563353,0.0285935289,-0.001148571,0.0300194232,-0.027687534,-0.004886349,-0.060495127,-0.018622538
CORR,sex,,0.0040967895,1,0.0273502031,,-0.005154567,-0.005154567,0.0000141295,-0.05883653,0.0078659633,0.0010237776,-0.000524949,0.0020015165,0.0090118449,0.0081764223,-0.001153595,-0.000281095,-0.000697722,0.0052359596,0.004001323,0.0021586538,-0.004772659,0.0019814071,-0.174292364,-0.045070354,-0.092715422,0.0073030607,0.0100022011,0.0057601414,-0.016409978,0.0048837002,0.010017328,-0.009498378,-0.012318029
CORR,chage,,-0.010644647,0.0273502031,1,,0.3689274415,0.3689274415,-0.049113701,-0.009622678,0.025906514,-0.113547786,-0.00622737,-0.005677884,-0.036058096,-0.008476335,0.0140472837,-0.03927982,-0.035269833,-0.008036707,-0.003247951,-0.000556759,-0.204993082,0.014264735,0.0089083142,0.1168593166,0.1677186416,0.2408886664,0.0186413493,-0.001655181,-0.008518709,0.043864117,5.8037895E-6,-0.023562024,-0.000022804
CORR,chob,,,,,,,,,,,,,,,,,,,,,,,,,,,,,,,,,,
CORR,chbmi,,-0.010332025,-0.005154567,0.3689274415,,1,1,0.227905793,0.0259474412,0.0258047796,-0.033721444,-0.034758489,-0.035968356,0.0035386824,0.0220465481,0.0364307248,0.0170356575,0.0313064336,0.0381130568,-0.045751143,0.046692193,-0.080639749,-0.02246966,-0.06449478,0.0836221214,0.0298856601,0.0881660886,0.0205338579,-0.011910309,-0.003938448,0.2595280443,0.0315471605,-0.056497042,0.1179460697
CORR,chbmibase,,-0.010332025,-0.005154567,0.3689274415,,1,1,0.227905793,0.0259474412,0.0258047796,-0.033721444,-0.034758489,-0.035968356,0.0035386824,0.0220465481,0.0364307248,0.0170356575,0.0313064336,0.0381130568,-0.045751143,0.046692193,-0.080639749,-0.02246966,-0.06449478,0.0836221214,0.0298856601,0.0881660886,0.0205338579,-0.011910309,-0.003938448,0.2595280443,0.0315471605,-0.056497042,0.1179460697
CORR,bmibpreg,,-0.01890534,0.0000141295,-0.049113701,,0.227905793,0.227905793,1,0.0404153625,0.0251547276,0.1017770378,-0.072633749,-0.074871592,0.0402779722,0.0732626745,0.0773887962,0.1048101419,0.1211370956,0.0960940483,-0.072424895,0.0269902373,0.0656087673,0.0183536357,-0.030350956,0.0362479505,-0.013102629,0.0423850508,0.0471556784,-0.002473627,-0.050718928,0.8109868359,0.0592641568,-0.095673107,0.2133699904
CORR,abwt,,0.0329620752,-0.05883653,-0.009622678,,0.0259474412,0.0259474412,0.0404153625,1,0.2936047149,0.0349722358,0.0186410443,0.0144255211,0.0542242521,-0.056027945,-0.085580635,-0.062340706,-0.05684143,-0.045304911,0.002685111,-0.003334085,-0.005959758,0.0053612428,0.0195514313,-0.008337776,0.0123193344,-0.013713844,0.0267106902,0.0206822973,-0.004391719,0.0500477739,-0.000032821,0.0117241882,0.076404849
CORR,gweek,,0.007135377,0.0078659633,0.025906514,,0.0258047796,0.0258047796,0.0251547276,0.2936047149,1,-0.034595951,-0.000305007,-0.001165005,0.0092907584,-0.010148212,-0.035537708,-0.011933978,-0.01033337,-0.018008549,-0.002393534,0.0006188737,-0.034258128,0.0040141458,-0.000972647,0.0104324491,0.0015702835,-0.021912203,0.0146596712,0.0158003164,0.0013335396,0.0268049286,0.0055448051,0.0112496945,0.077122783
CORR,prev_preg,,-0.002969654,0.0010237776,-0.113547786,,-0.033721444,-0.033721444,0.1017770378,0.0349722358,-0.034595951,1,0.0100364983,0.0127148786,0.0031461185,-0.059282897,-0.098208404,-0.015844459,-0.039745299,-0.082648372,0.0141244047,0.0532689611,0.3880643366,0.0023090528,-0.00161383,-0.013825188,0.0020703266,0.327675136,0.0013713033,0.0016238062,0.010190291,0.0396902353,-0.013779459,0.0143667314,-0.030891535
CORR,incom01,,-0.005828896,-0.000524949,-0.00622737,,-0.034758489,-0.034758489,-0.072633749,0.0186410443,-0.000305007,0.0100364983,1,0.9601031199,-0.010179238,-0.016881213,-0.025158467,-0.004739951,-0.00912478,-0.021999054,0.26593403,-0.017282355,0.0621713608,-0.021072895,0.0192630257,-0.018814027,0.0228372214,0.0545945771,-0.12391246,-0.0513806,0.0476232603,-0.093757037,-0.011534262,0.2792189179,-0.001611193
CORR,income,,-0.005124568,0.0020015165,-0.005677884,,-0.035968356,-0.035968356,-0.074871592,0.0144255211,-0.001165005,0.0127148786,0.9601031199,1,-0.013401269,-0.017087169,-0.023013868,-0.003727806,-0.008923976,-0.023691916,0.2703180417,-0.017553352,0.0652585875,-0.0291828,0.014366662,-0.023701992,0.0215732008,0.0570463237,-0.124676461,-0.053506474,0.0491099448,-0.092240335,-0.014163625,0.2762596187,0.0034964346
CORR,Comp_Gesdbg,,-0.0166876,0.0090118449,-0.036058096,,0.0035386824,0.0035386824,0.0402779722,0.0542242521,0.0092907584,0.0031461185,-0.010179238,-0.013401269,1,0.0699542235,0.0579208114,0.0675107698,0.2769340025,0.516773296,0.0041987318,-0.012841045,0.0230809336,0.0084488862,0.0058697864,0.0122516812,-0.011681355,0.009938212,0.0327936674,0.0264069199,-0.018158047,0.0506240265,0.0023485664,-0.001088031,0.0418987898
CORR,Comp_prghtng,,-0.010173954,0.0081764223,-0.008476335,,0.0220465481,0.0220465481,0.0732626745,-0.056027945,-0.010148212,-0.059282897,-0.016881213,-0.017087169,0.0699542235,1,0.3554271834,0.0916073052,0.3529609807,0.6586436037,0.0044662267,-0.008520019,-0.015062268,0.0139854432,0.0017158292,0.0249808301,-0.004715309,-0.015817994,0.0169037934,0.0123856213,0.0094709024,0.0811259551,0.0145126334,-0.010424449,0.1039002626
CORR,Comp_peclmpg,,-0.008817483,-0.001153595,0.0140472837,,0.0364307248,0.0364307248,0.0773887962,-0.085580635,-0.035537708,-0.098208404,-0.025158467,-0.023013868,0.0579208114,0.3554271834,1,0.1158589716,0.3647578029,0.6806570894,-0.016541667,-0.009892649,-0.071487339,0.0083928706,0.0031565722,0.0333477769,0.005668933,-0.061116925,0.011954513,0.0124523584,0.0059384764,0.0905330186,0.0126482232,-0.020505474,0.1352915273
CORR,Delivery,,-0.016113712,-0.000281095,-0.03927982,,0.0170356575,0.0170356575,0.1048101419,-0.062340706,-0.011933978,-0.015844459,-0.004739951,-0.003727806,0.0675107698,0.0916073052,0.1158589716,1,0.8501526481,0.1320278925,-0.010602562,0.0194156813,0.05263067,0.0002648553,-0.003071628,0.0166252293,-0.010859327,0.0345239146,-0.007323166,-0.019346411,-0.013376161,0.1100830183,-0.004914645,0.0112544335,0.0851071889
CORR,pregcomp,,-0.023331438,-0.000697722,-0.035269833,,0.0313064336,0.0313064336,0.1211370956,-0.05684143,-0.01033337,-0.039745299,-0.00912478,-0.008923976,0.2769340025,0.3529609807,0.3647578029,0.8501526481,1,0.5358906982,-0.007292252,0.0120941849,0.0299857893,0.0034161892,-0.003178683,0.0252863981,-0.011356336,0.0144546969,0.0026023662,-0.007262381,-0.006166806,0.132295623,0.0032708644,0.0059331145,0.1258984433
CORR,pregcomp2,,-0.015604538,0.0052359596,-0.008036707,,0.0381130568,0.0381130568,0.0960940483,-0.045304911,-0.018008549,-0.082648372,-0.021999054,-0.023691916,0.516773296,0.6586436037,0.6806570894,0.1320278925,0.5358906982,1,-0.004706635,-0.010932287,-0.031142738,0.0120654638,0.0008599945,0.0297195876,-0.006662412,-0.030455852,0.0236325598,0.020053404,-0.002208993,0.1122331469,0.0120331908,-0.015136428,0.141065049
CORR,husbeduc,,-0.023269444,0.004001323,-0.003247951,,-0.045751143,-0.045751143,-0.072424895,0.002685111,-0.002393534,0.0141244047,0.26593403,0.2703180417,0.0041987318,0.0044662267,-0.016541667,-0.010602562,-0.007292252,-0.004706635,1,-0.06686489,0.1932015943,-0.090305407,-0.010296113,-0.030522378,-0.013114402,0.1895820018,-0.115285094,0.0087940965,0.0456888575,-0.103035811,-0.001033523,0.2589925076,-0.012996939
CORR,mosmk,,0.0320271523,0.0021586538,-0.000556759,,0.046692193,0.046692193,0.0269902373,-0.003334085,0.0006188737,0.0532689611,-0.017282355,-0.017553352,-0.012841045,-0.008520019,-0.009892649,0.0194156813,0.0120941849,-0.010932287,-0.06686489,1,0.0651781923,0.0277832151,0.016428913,0.0390382145,0.0472022044,0.0648366112,-0.022318379,-0.037179715,0.0286729758,0.0252915577,0.0600713685,0.0262811759,0.0733263249
CORR,agebirth,,-0.036994748,-0.004772659,-0.204993082,,-0.080639749,-0.080639749,0.0656087673,-0.005959758,-0.034258128,0.3880643366,0.0621713608,0.0652585875,0.0230809336,-0.015062268,-0.071487339,0.05263067,0.0299857893,-0.031142738,0.1932015943,0.0651781923,1,-0.068206249,-0.028553658,-0.01796067,-0.068653583,0.8723732151,-0.122997531,-0.04475132,-0.060039419,0.0176912725,0.0137289111,0.2096713806,-0.014114344
CORR,chwest,,0.0314455379,0.0019814071,0.014264735,,-0.02246966,-0.02246966,0.0183536357,0.0053612428,0.0040141458,0.0023090528,-0.021072895,-0.0291828,0.0084488862,0.0139854432,0.0083928706,0.0002648553,0.0034161892,0.0120654638,-0.090305407,0.0277832151,-0.068206249,1,0.7590986755,0.0849832756,0.1313695637,-0.063044602,0.2336029245,0.1218338675,-0.005060017,0.0443172889,0.031838142,-0.074353743,-0.004991851
CORR,chcal,,0.0262001489,-0.174292364,0.0089083142,,-0.06449478,-0.06449478,-0.030350956,0.0195514313,-0.000972647,-0.00161383,0.0192630257,0.014366662,0.0058697864,0.0017158292,0.0031565722,-0.003071628,-0.003178683,0.0008599945,-0.010296113,0.016428913,-0.028553658,0.7590986755,1,0.0712411914,0.2291156904,-0.02561391,0.1539509754,0.1781315352,0.040884107,-0.02187249,0.0260566249,0.018346998,-0.012620996
CORR,chst,,-0.05367856,-0.045070354,0.1168593166,,0.0836221214,0.0836221214,0.0362479505,-0.008337776,0.0104324491,-0.013825188,-0.018814027,-0.023701992,0.0122516812,0.0249808301,0.0333477769,0.0166252293,0.0252863981,0.0297195876,-0.030522378,0.0390382145,-0.01796067,0.0849832756,0.0712411914,1,0.1684266439,0.0330136093,0.0322995763,0.0066065406,0.0287675745,0.070703496,0.051694279,-0.008141972,0.0255338458
CORR,chpa,,0.0258977013,-0.092715422,0.1677186416,,0.0298856601,0.0298856601,-0.013102629,0.0123193344,0.0015702835,0.0020703266,0.0228372214,0.0215732008,-0.011681355,-0.004715309,0.005668933,-0.010859327,-0.011356336,-0.006662412,-0.013114402,0.0472022044,-0.068653583,0.1313695637,0.2291156904,0.1684266439,1,0.0082772788,0.0166259435,0.0299233588,0.1318409755,-0.007132844,0.0399112951,-0.015783982,-0.01263478
CORR,moage,,-0.041563353,0.0073030607,0.2408886664,,0.0881660886,0.0881660886,0.0423850508,-0.013713844,-0.021912203,0.327675136,0.0545945771,0.0570463237,0.009938212,-0.015817994,-0.061116925,0.0345239146,0.0144546969,-0.030455852,0.1895820018,0.0648366112,0.8723732151,-0.063044602,-0.02561391,0.0330136093,0.0082772788,1,-0.115578301,-0.046168141,-0.066055394,0.0377815575,0.0145066377,0.1933482172,-0.012390694
CORR,mowest,,0.0285935289,0.0100022011,0.0186413493,,0.0205338579,0.0205338579,0.0471556784,0.0267106902,0.0146596712,0.0013713033,-0.12391246,-0.124676461,0.0327936674,0.0169037934,0.011954513,-0.007323166,0.0026023662,0.0236325598,-0.115285094,-0.022318379,-0.122997531,0.2336029245,0.1539509754,0.0322995763,0.0166259435,-0.115578301,1,0.7385262859,-0.09651276,0.1128251667,0.0358410403,-0.178587825,0.0115115092
CORR,mocal,,-0.001148571,0.0057601414,-0.001655181,,-0.011910309,-0.011910309,-0.002473627,0.0206822973,0.0158003164,0.0016238062,-0.0513806,-0.053506474,0.0264069199,0.0123856213,0.0124523584,-0.019346411,-0.007262381,0.020053404,0.0087940965,-0.037179715,-0.04475132,0.1218338675,0.1781315352,0.0066065406,0.0299233588,-0.046168141,0.7385262859,1,0.0658081246,0.0259318312,0.0362661481,-0.03355914,0.0246119829
CORR,mopa,,0.0300194232,-0.016409978,-0.008518709,,-0.003938448,-0.003938448,-0.050718928,-0.004391719,0.0013335396,0.010190291,0.0476232603,0.0491099448,-0.018158047,0.0094709024,0.0059384764,-0.013376161,-0.006166806,-0.002208993,0.0456888575,0.0286729758,-0.060039419,-0.005060017,0.040884107,0.0287675745,0.1318409755,-0.066055394,-0.09651276,0.0658081246,1,-0.097989039,0.0691591062,0.0499588204,0.0079115426
CORR,mobmi,,-0.027687534,0.0048837002,0.043864117,,0.2595280443,0.2595280443,0.8109868359,0.0500477739,0.0268049286,0.0396902353,-0.093757037,-0.092240335,0.0506240265,0.0811259551,0.0905330186,0.1100830183,0.132295623,0.1122331469,-0.103035811,0.0252915577,0.0176912725,0.0443172889,-0.02187249,0.070703496,-0.007132844,0.0377815575,0.1128251667,0.0259318312,-0.097989039,1,0.0845551748,-0.126319315,0.2753140506
CORR,moshift,,-0.004886349,0.010017328,5.8037895E-6,,0.0315471605,0.0315471605,0.0592641568,-0.000032821,0.0055448051,-0.013779459,-0.011534262,-0.014163625,0.0023485664,0.0145126334,0.0126482232,-0.004914645,0.0032708644,0.0120331908,-0.001033523,0.0600713685,0.0137289111,0.031838142,0.0260566249,0.051694279,0.0399112951,0.0145066377,0.0358410403,0.0362661481,0.0691591062,0.0845551748,1,-0.020613968,0.0385286103
CORR,ses,,-0.060495127,-0.009498378,-0.023562024,,-0.056497042,-0.056497042,-0.095673107,0.0117241882,0.0112496945,0.0143667314,0.2792189179,0.2762596187,-0.001088031,-0.010424449,-0.020505474,0.0112544335,0.0059331145,-0.015136428,0.2589925076,0.0262811759,0.2096713806,-0.074353743,0.018346998,-0.008141972,-0.015783982,0.1933482172,-0.178587825,-0.03355914,0.0499588204,-0.126319315,-0.020613968,1,-0.000325366
CORR,gotweight,,-0.018622538,-0.012318029,-0.000022804,,0.1179460697,0.1179460697,0.2133699904,0.076404849,0.077122783,-0.030891535,-0.001611193,0.0034964346,0.0418987898,0.1039002626,0.1352915273,0.0851071889,0.1258984433,0.141065049,-0.012996939,0.0733263249,-0.014114344,-0.004991851,-0.012620996,0.0255338458,-0.01263478,-0.012390694,0.0115115092,0.0246119829,0.0079115426,0.2753140506,0.0385286103,-0.000325366,1
