Parm,NImpute,Estimate,StdErr,LCLMean,UCLMean,DF,Min,Max,Theta0,tValue,Probt,mod,RR,LCI,UCI
INTERCEPT,5,-3.939889,0.166676,-4.28577,-3.59401,21.768,-4.020564,-3.767304,0,-23.64,<.0001,swamp,0.0194503686,0.0137630509,0.0274878616
foodswampq1,5,0.070387,0.047083,-0.02250,0.16327,186.01,0.053594,0.095641,0,1.49,0.1366,swamp,1.0729237508,0.9777539662,1.1773568963
foodswampq2,5,0.034429,0.052062,-0.06869,0.13755,115.94,0.022221,0.070848,0,0.66,0.5097,swamp,1.0350287642,0.9336189491,1.147453727
foodswampq3,5,-0.015504,0.051103,-0.11774,0.08674,59.485,-0.054825,0.008527,0,-0.30,0.7627,swamp,0.984615481,0.8889231797,1.0906090285
sesq0,5,0.073860,0.060205,-0.04812,0.19584,37.018,0.042040,0.120975,0,1.23,0.2276,swamp,1.0766556264,0.953015259,1.216336598
sesq1,5,0.069760,0.055563,-0.04160,0.18112,54.889,0.031480,0.104484,0,1.26,0.2146,swamp,1.0722505719,0.9592576475,1.1985531644
sesq2,5,0.066595,0.047303,-0.02621,0.15940,1212.7,0.051612,0.075952,0,1.41,0.1594,swamp,1.0688629464,0.9741311894,1.1728071235
heduc1,5,0.231153,0.054783,0.12234,0.33996,91.711,0.210801,0.262622,0,4.22,<.0001,swamp,1.2600516116,1.1301426683,1.4048934781
heduc2,5,0.125196,0.041234,0.04335,0.20704,96.543,0.100370,0.139995,0,3.04,0.0031,swamp,1.1333707824,1.0443076214,1.2300296425
fincome1,5,0.076476,0.070926,-0.06548,0.21844,58.277,0.037890,0.111963,0,1.08,0.2854,swamp,1.0794758304,0.9366137269,1.2441287535
fincome2,5,0.021398,0.058363,-0.09598,0.13877,47.557,-0.008667,0.062373,0,0.37,0.7155,swamp,1.0216281488,0.9084848679,1.1488623655
fincome3,5,-0.017653,0.053774,-0.12319,0.08788,929,-0.030169,-0.002060,0,-0.33,0.7428,swamp,0.9825014968,0.8840995367,1.0918557822
midwest,5,-0.038283,0.039343,-0.11559,0.03902,485.34,-0.049248,-0.020196,0,-0.97,0.3310,swamp,0.9624404774,0.8908431609,1.0397920904
south,5,-0.051676,0.059492,-0.17233,0.06898,36.005,-0.092616,-0.005481,0,-0.87,0.3908,swamp,0.9496360579,0.8417005544,1.071412675
west,5,-0.255987,0.068115,-0.39692,-0.11505,22.913,-0.307756,-0.218575,0,-3.76,0.0010,swamp,0.7741522966,0.6723859068,0.8913211479
cohort,5,0.078517,0.036475,0.00685,0.15019,486.84,0.068088,0.093607,0,2.15,0.0318,swamp,1.0816819006,1.006872264,1.1620498209
chage,5,0.074167,0.007234,0.05976,0.08858,75.602,0.069420,0.077459,0,10.25,<.0001,swamp,1.0769869135,1.0615806098,1.0926168029
white,5,-0.166468,0.071295,-0.30798,-0.02496,96.534,-0.212056,-0.131375,0,-2.33,0.0216,swamp,0.8466500547,0.7349317832,0.9753508168
sex,5,-0.514836,0.035927,-0.58651,-0.44316,68.775,-0.532247,-0.491381,0,-14.33,<.0001,swamp,0.5975983089,0.5562630905,0.642005096
INTERCEPT,5,-3.414451,0.141534,-3.69421,-3.13469,143.73,-3.474121,-3.330803,0,-24.12,<.0001,swamp,0.0328944495,0.0248671237,0.0435130667
foodswamp_m,5,-0.000531,0.000427,-0.00139,0.00033,49.801,-0.000892,-0.000381,0,-1.25,0.2188,swamp,0.9994689847,0.9986130131,1.00032569
ses_m,5,-0.008982,0.007872,-0.02503,0.00707,31.421,-0.015433,-0.004824,0,-1.14,0.2625,swamp,0.9910581963,0.9752812718,1.0070903408
husbeduc,5,-0.114854,0.027183,-0.16897,-0.06074,78.467,-0.130909,-0.104083,0,-4.23,<.0001,swamp,0.8914964739,0.8445378343,0.9410661437
income,5,-0.028323,0.023806,-0.07717,0.02052,27.02,-0.046021,-0.012937,0,-1.19,0.2445,swamp,0.9720743699,0.9257350802,1.0207332538
midwest,5,-0.034766,0.038796,-0.11103,0.04150,410.43,-0.047952,-0.018439,0,-0.90,0.3707,swamp,0.965831673,0.8949116388,1.0423719842
south,5,-0.048128,0.057074,-0.16286,0.06661,48.343,-0.082291,-0.005328,0,-0.84,0.4032,swamp,0.9530114994,0.8497082562,1.0688738298
west,5,-0.254040,0.067477,-0.39328,-0.11480,24.086,-0.303675,-0.216295,0,-3.76,0.0009,swamp,0.7756609686,0.6748399321,0.8915446605
cohort,5,0.083396,0.037231,0.01006,0.15673,244.94,0.070880,0.101746,0,2.24,0.0260,swamp,1.0869717468,1.0101121592,1.1696795919
chage,5,0.074110,0.007235,0.05970,0.08852,75.809,0.069396,0.077465,0,10.24,<.0001,swamp,1.0769253989,1.0615187664,1.0925556397
white,5,-0.168343,0.071182,-0.30959,-0.02709,98.417,-0.213623,-0.133392,0,-2.36,0.0200,swamp,0.8450642823,0.7337458201,0.9732711542
sex,5,-0.514432,0.035914,-0.58608,-0.44278,68.78,-0.531541,-0.490953,0,-14.32,<.0001,swamp,0.5978403468,0.5565028205,0.6422484615
INTERCEPT,5,-4.052312,0.187529,-4.43978,-3.66484,23.506,-4.165068,-3.881179,0,-21.61,<.0001,ind s,0.0173821427,0.0117984889,0.0256082696
superq1,5,0.029705,0.081095,-0.12931,0.18872,2692.7,0.013841,0.051188,0,0.37,0.7142,ind s,1.0301505431,0.8787018489,1.2077021834
superq2,5,0.049317,0.083108,-0.11364,0.21227,3048.1,0.030991,0.070736,0,0.59,0.5530,ind s,1.0505528538,0.8925813592,1.2364825762
superq3,5,0.057427,0.093806,-0.12729,0.24214,261.15,0.019318,0.093929,0,0.61,0.5409,ind s,1.0591074417,0.8804815382,1.2739717125
restq1,5,-0.068952,0.071040,-0.21730,0.07940,19.655,-0.109611,-0.004174,0,-0.97,0.3435,ind s,0.9333713889,0.80468477,1.0826378006
restq2,5,-0.007098,0.069376,-0.14350,0.12930,386.1,-0.036218,0.012974,0,-0.10,0.9186,ind s,0.9929272152,0.8663204247,1.13803672
restq3,5,0.074871,0.083866,-0.08991,0.23965,496.71,0.054046,0.101882,0,0.89,0.3724,ind s,1.0777447943,0.9140174771,1.2708004723
fastq1,5,0.057201,0.060336,-0.06174,0.17614,209.78,0.025037,0.080660,0,0.95,0.3442,ind s,1.0588687892,0.9401258107,1.1926096485
fastq2,5,-0.010259,0.063942,-0.13600,0.11549,362.07,-0.029294,0.018245,0,-0.16,0.8726,ind s,0.9897930509,0.8728390079,1.1224180802
fastq3,5,-0.025383,0.077236,-0.17705,0.12628,641.1,-0.050395,0.000024078,0,-0.33,0.7425,ind s,0.9749359795,0.8377386178,1.1346023019
convq1,5,0.074828,0.090718,-0.10594,0.25560,73.721,0.026984,0.114884,0,0.82,0.4121,ind s,1.0776991598,0.8994760307,1.2912356077
convq2,5,0.099866,0.088694,-0.07783,0.27756,55.737,0.058703,0.153344,0,1.13,0.2650,ind s,1.1050223604,0.9251230653,1.319904846
convq3,5,0.118550,0.094150,-0.07015,0.30725,54.784,0.058803,0.173770,0,1.26,0.2133,ind s,1.1258628491,0.9322554593,1.3596779104
sesq0,5,0.074604,0.059236,-0.04412,0.19333,54.666,0.045345,0.112371,0,1.26,0.2132,ind s,1.0774573057,0.9568352537,1.2132854021
sesq1,5,0.070092,0.055469,-0.04066,0.18084,65.91,0.029952,0.098368,0,1.26,0.2108,ind s,1.0726067834,0.9601576358,1.1982254465
sesq2,5,0.070334,0.047581,-0.02303,0.16370,1059,0.053901,0.080317,0,1.48,0.1397,ind s,1.0728659754,0.9772321593,1.1778587005
heduc1,5,0.231537,0.055203,0.12176,0.34131,84.022,0.210860,0.263405,0,4.19,<.0001,ind s,1.2605359346,1.1294831022,1.4067947004
heduc2,5,0.126990,0.041360,0.04487,0.20911,93.947,0.102167,0.142196,0,3.07,0.0028,ind s,1.1354060746,1.0458900434,1.2325836377
fincome1,5,0.071107,0.071433,-0.07202,0.21423,55.491,0.034812,0.108144,0,1.00,0.3238,ind s,1.0736957364,0.930513135,1.238910544
fincome2,5,0.018414,0.058768,-0.09993,0.13675,45.349,-0.013640,0.059972,0,0.31,0.7555,ind s,1.0185850643,0.9049044673,1.1465470342
fincome3,5,-0.018216,0.053969,-0.12416,0.08772,791.16,-0.030726,-0.001546,0,-0.34,0.7358,ind s,0.9819490446,0.8832428256,1.0916861118
midwest,5,-0.024772,0.040777,-0.10520,0.05566,191.51,-0.043670,-0.004262,0,-0.61,0.5442,ind s,0.9755325188,0.9001422343,1.057237022
south,5,-0.049053,0.060805,-0.17276,0.07465,33.024,-0.087842,0.000285,0,-0.81,0.4256,ind s,0.9521310295,0.8413410499,1.077510122
west,5,-0.255657,0.069200,-0.39914,-0.11217,22.074,-0.306377,-0.215739,0,-3.69,0.0013,ind s,0.7744079041,0.6708969427,0.8938893051
cohort,5,0.117365,0.049823,0.01952,0.21521,607.91,0.105623,0.138714,0,2.36,0.0188,ind s,1.1245296742,1.0197113457,1.2401225048
chage,5,0.073492,0.007175,0.05923,0.08775,86.124,0.068910,0.076672,0,10.24,<.0001,ind s,1.0762604065,1.0610194286,1.0917203128
white,5,-0.159697,0.071475,-0.30157,-0.01783,96.266,-0.205421,-0.123507,0,-2.23,0.0278,ind s,0.8524018044,0.739657025,0.9823320965
sex,5,-0.515190,0.035951,-0.58692,-0.44346,68.447,-0.533067,-0.491957,0,-14.33,<.0001,ind s,0.5973871133,0.5560373085,0.641811903
INTERCEPT,5,-3.489155,0.145690,-3.77816,-3.20015,101.1,-3.553722,-3.393979,0,-23.95,<.0001,ind s,0.030526644,0.0228646866,0.0407561236
super_m,5,0.009288,0.021599,-0.03464,0.05322,33.256,-0.006282,0.025537,0,0.43,0.6700,ind s,1.0093311758,0.9659505119,1.0546600576
rest_m,5,0.007872,0.005612,-0.00341,0.01916,47.677,0.004375,0.011761,0,1.40,0.1672,ind s,1.0079031812,0.9965928272,1.0193418967
fast_m,5,-0.003404,0.005702,-0.01463,0.00782,284.18,-0.006018,-0.001391,0,-0.60,0.5510,ind s,0.9966016402,0.9854793079,1.0078495016
conv_m,5,0.031642,0.026375,-0.02059,0.08387,117.59,0.020516,0.041632,0,1.20,0.2327,ind s,1.0321480254,0.9796215914,1.0874908798
ses_m,5,-0.009418,0.007603,-0.02470,0.00586,48.783,-0.014326,-0.005113,0,-1.24,0.2214,ind s,0.9906263454,0.9756033256,1.0058807001
husbeduc,5,-0.116046,0.027387,-0.17066,-0.06143,70.72,-0.132425,-0.105100,0,-4.24,<.0001,ind s,0.8904346905,0.8431097267,0.9404160726
income,5,-0.025538,0.024113,-0.07516,0.02408,25.434,-0.043565,-0.008812,0,-1.06,0.2995,ind s,0.97478551,0.9275983437,1.0243730996
midwest,5,-0.025814,0.040810,-0.10633,0.05470,184.44,-0.045778,-0.006088,0,-0.63,0.5278,ind s,0.9745160972,0.8991284099,1.0562246874
south,5,-0.048267,0.059393,-0.16837,0.07183,39.348,-0.083502,-0.001929,0,-0.81,0.4213,ind s,0.9528796596,0.8450450317,1.0744748641
west,5,-0.255763,0.068960,-0.39862,-0.11291,22.435,-0.306031,-0.215183,0,-3.71,0.0012,ind s,0.7743251313,0.6712470959,0.8932320343
cohort,5,0.080357,0.037718,0.00595,0.15477,186.07,0.065868,0.100739,0,2.13,0.0344,ind s,1.0836737282,1.0059653484,1.1673848915
chage,5,0.073606,0.007164,0.05937,0.08784,88.097,0.069003,0.076718,0,10.27,<.0001,ind s,1.0763821497,1.061166326,1.0918161497
white,5,-0.159705,0.071375,-0.30136,-0.01805,97.291,-0.205488,-0.124278,0,-2.24,0.0275,ind s,0.8523951929,0.7398119499,0.98211115
sex,5,-0.514859,0.035920,-0.58653,-0.44319,68.527,-0.532201,-0.491141,0,-14.33,<.0001,ind s,0.5975847538,0.556256468,0.6419836146
INTERCEPT,5,-3.938497,0.167187,-4.28575,-3.59124,21.434,-4.020433,-3.764584,0,-23.56,<.0001,swamp,0.0194774666,0.0137632395,0.0275641286
foodswampzq1,5,0.067908,0.046993,-0.02477,0.16059,194.58,0.049418,0.092342,0,1.45,0.1500,swamp,1.0702670303,0.9755312268,1.1742028187
foodswampzq2,5,0.033532,0.052044,-0.06954,0.13660,116.77,0.019325,0.069576,0,0.64,0.5207,swamp,1.034100143,0.932821552,1.1463747846
foodswampzq3,5,-0.017098,0.050151,-0.11702,0.08282,74.386,-0.053361,0.005681,0,-0.34,0.7341,swamp,0.9830469415,0.8895697182,1.0863468815
sesq0,5,0.073850,0.060102,-0.04787,0.19557,37.567,0.042205,0.120765,0,1.23,0.2268,swamp,1.0766450347,0.9532614753,1.2159985071
sesq1,5,0.069759,0.055528,-0.04151,0.18103,55.291,0.031603,0.104449,0,1.26,0.2143,swamp,1.0722493971,0.9593403604,1.1984472007
sesq2,5,0.066616,0.047298,-0.02618,0.15941,1222.9,0.051705,0.075980,0,1.41,0.1593,swamp,1.0688853996,0.9741613798,1.1728200494
heduc1,5,0.231187,0.054779,0.12239,0.33998,91.832,0.210815,0.262653,0,4.22,<.0001,swamp,1.2600950879,1.1301941172,1.4049264691
heduc2,5,0.125209,0.041231,0.04337,0.20705,96.624,0.100421,0.139998,0,3.04,0.0031,swamp,1.133385157,1.0443260917,1.2300390887
fincome1,5,0.076451,0.070932,-0.06552,0.21842,58.258,0.037948,0.111936,0,1.08,0.2856,swamp,1.0794489602,0.9365784989,1.2441136103
fincome2,5,0.021358,0.058350,-0.09598,0.13870,47.683,-0.008729,0.062303,0,0.37,0.7160,swamp,1.021587394,0.9084789531,1.1487781858
fincome3,5,-0.017674,0.053762,-0.12318,0.08783,941.67,-0.030162,-0.002119,0,-0.33,0.7424,swamp,0.9824808687,0.8841035547,1.0918049727
midwest,5,-0.038226,0.039408,-0.11567,0.03922,456.19,-0.049290,-0.019787,0,-0.97,0.3326,swamp,0.9624953908,0.8907692933,1.0399969827
south,5,-0.051640,0.059533,-0.17240,0.06912,35.787,-0.092728,-0.005434,0,-0.87,0.3915,swamp,0.9496707233,0.8416401412,1.0715678098
west,5,-0.255921,0.068117,-0.39686,-0.11498,22.904,-0.307668,-0.218411,0,-3.76,0.0010,swamp,0.7742031455,0.6724249673,0.891386459
cohort,5,0.078393,0.036494,0.00668,0.15010,475.54,0.067928,0.093650,0,2.15,0.0322,swamp,1.0815475045,1.0067063713,1.1619525195
chage,5,0.074163,0.007233,0.05976,0.08857,75.714,0.069411,0.077448,0,10.25,<.0001,swamp,1.0769826249,1.0615784204,1.0926103546
white,5,-0.166502,0.071304,-0.30803,-0.02497,96.444,-0.212077,-0.131337,0,-2.34,0.0216,swamp,0.8466212807,0.7348932201,0.9753356996
sex,5,-0.514827,0.035925,-0.58650,-0.44316,68.848,-0.532215,-0.491369,0,-14.33,<.0001,swamp,0.5976040615,0.5562719005,0.6420072881
INTERCEPT,5,-3.414220,0.141602,-3.69414,-3.13430,142.27,-3.473916,-3.330191,0,-24.11,<.0001,swamp,0.0329020658,0.0248689547,0.0435300135
foodswampz_m,5,-0.000536,0.000421,-0.00138,0.00031,57.275,-0.000879,-0.000398,0,-1.27,0.2081,swamp,0.9994644544,0.9986228984,1.0003067196
ses_m,5,-0.008999,0.007855,-0.02500,0.00700,31.948,-0.015401,-0.004851,0,-1.15,0.2605,swamp,0.9910411732,0.9753088637,1.0070272542
husbeduc,5,-0.114870,0.027179,-0.16897,-0.06077,78.621,-0.130921,-0.104099,0,-4.23,<.0001,swamp,0.8914818064,0.8445321174,0.941041548
income,5,-0.028304,0.023807,-0.07715,0.02054,27.012,-0.045982,-0.012930,0,-1.19,0.2448,swamp,0.9720926071,0.9257492716,1.0207559063
midwest,5,-0.034753,0.038811,-0.11105,0.04154,404.87,-0.048010,-0.018363,0,-0.90,0.3711,swamp,0.9658438666,0.8948954031,1.042417216
south,5,-0.048095,0.057072,-0.16282,0.06663,48.365,-0.082265,-0.005316,0,-0.84,0.4035,swamp,0.9530427963,0.8497411674,1.0689026335
west,5,-0.253951,0.067502,-0.39326,-0.11464,24.026,-0.303554,-0.216055,0,-3.76,0.0010,swamp,0.7757300446,0.6748532096,0.8916859155
cohort,5,0.083357,0.037245,0.00999,0.15672,242.51,0.070830,0.101772,0,2.24,0.0261,swamp,1.0869302762,1.0100427275,1.1696707409
chage,5,0.074104,0.007236,0.05969,0.08852,75.564,0.069379,0.077458,0,10.24,<.0001,swamp,1.0769188433,1.0615081966,1.092553217
white,5,-0.168351,0.071160,-0.30955,-0.02715,98.864,-0.213540,-0.133383,0,-2.37,0.0199,swamp,0.8450569725,0.733776607,0.9732134821
sex,5,-0.514433,0.035909,-0.58607,-0.44279,68.917,-0.531538,-0.490968,0,-14.33,<.0001,swamp,0.5978395175,0.5565095817,0.6422388768
INTERCEPT,5,-4.051734,0.186315,-4.43580,-3.66767,24.565,-4.159559,-3.882368,0,-21.75,<.0001,ind s,0.0173921946,0.0118455823,0.0255359699
superzq1,5,0.029155,0.081112,-0.12988,0.18819,3245.6,0.014022,0.045866,0,0.36,0.7193,ind s,1.0295842785,0.8781996338,1.2070647104
superzq2,5,0.048883,0.083087,-0.11401,0.21178,3947.7,0.028536,0.066130,0,0.59,0.5563,ind s,1.0500977546,0.8922453728,1.2358767307
superzq3,5,0.056993,0.093600,-0.12722,0.24120,294.65,0.016827,0.092360,0,0.61,0.5431,ind s,1.0586479175,0.8805424559,1.2727783944
restzq1,5,-0.068888,0.071038,-0.21724,0.07946,19.656,-0.109525,-0.004136,0,-0.97,0.3440,ind s,0.9334314276,0.8047388505,1.08270432
restzq2,5,-0.007077,0.069414,-0.14356,0.12941,378.57,-0.036437,0.012914,0,-0.10,0.9188,ind s,0.9929480486,0.866267623,1.1381538465
restzq3,5,0.074839,0.083897,-0.09000,0.23968,488.43,0.053698,0.101880,0,0.89,0.3728,ind s,1.0777110638,0.9139278761,1.2708455092
fastzq1,5,0.057129,0.060350,-0.06184,0.17610,208.53,0.024986,0.080711,0,0.95,0.3449,ind s,1.058792709,0.9400287138,1.1925614443
fastzq2,5,-0.010235,0.063921,-0.13593,0.11546,366.27,-0.029414,0.017950,0,-0.16,0.8729,ind s,0.9898170379,0.8729003113,1.1223936524
fastzq3,5,-0.025381,0.077224,-0.17702,0.12626,645.21,-0.050434,-0.000159,0,-0.33,0.7425,ind s,0.9749383047,0.8377618928,1.1345761918
convzq1,5,0.074541,0.089263,-0.10265,0.25173,95.79,0.031160,0.109399,0,0.84,0.4058,ind s,1.0773897272,0.9024430564,1.2862513774
convzq2,5,0.099724,0.087134,-0.07404,0.27349,70.341,0.059574,0.148825,0,1.14,0.2563,ind s,1.1048662893,0.9286315839,1.3145466279
convzq3,5,0.118426,0.092863,-0.06699,0.30384,65.841,0.059734,0.169177,0,1.28,0.2067,ind s,1.1257234893,0.9352042701,1.3550551628
sesq0,5,0.074536,0.059253,-0.04423,0.19331,54.481,0.045234,0.112340,0,1.26,0.2138,ind s,1.0773843761,0.9567293144,1.2132554907
sesq1,5,0.069989,0.055484,-0.04080,0.18077,65.704,0.029811,0.098310,0,1.26,0.2116,ind s,1.0724960124,0.9600239321,1.1981448152
sesq2,5,0.070265,0.047579,-0.02309,0.16362,1062.4,0.053860,0.080234,0,1.48,0.1400,ind s,1.0727923052,0.9771707147,1.1777710004
heduc1,5,0.231654,0.055229,0.12181,0.34150,83.367,0.210838,0.263605,0,4.19,<.0001,ind s,1.2606840415,1.129543144,1.4070505061
heduc2,5,0.127086,0.041369,0.04494,0.20923,93.592,0.102258,0.142375,0,3.07,0.0028,ind s,1.1355143429,1.0459672665,1.2327277003
fincome1,5,0.071041,0.071453,-0.07214,0.21422,55.309,0.034768,0.108063,0,0.99,0.3244,ind s,1.0736253847,0.9304043881,1.2388929817
fincome2,5,0.018390,0.058762,-0.09994,0.13672,45.389,-0.013707,0.059935,0,0.31,0.7557,ind s,1.0185601101,0.9048955854,1.1465021099
fincome3,5,-0.018263,0.053965,-0.12419,0.08767,793.96,-0.030764,-0.001586,0,-0.34,0.7351,ind s,0.9819026107,0.8832090529,1.0916246089
midwest,5,-0.024796,0.040777,-0.10523,0.05563,191.45,-0.043676,-0.004265,0,-0.61,0.5439,ind s,0.9755091453,0.9001219625,1.0572101694
south,5,-0.049151,0.060852,-0.17298,0.07468,32.819,-0.088084,0.000279,0,-0.81,0.4251,ind s,0.9520376166,0.8411528498,1.0775397404
west,5,-0.255864,0.069305,-0.39963,-0.11209,21.895,-0.306970,-0.215853,0,-3.69,0.0013,ind s,0.7742474072,0.6705656807,0.893960226
cohort,5,0.117143,0.049938,0.01908,0.21521,628.2,0.107547,0.139037,0,2.35,0.0193,ind s,1.1242797613,1.0192602084,1.2401200118
chage,5,0.073495,0.007175,0.05923,0.08776,86.034,0.068913,0.076676,0,10.24,<.0001,ind s,1.0762633373,1.061020878,1.0917247674
white,5,-0.159624,0.071518,-0.30160,-0.01765,95.354,-0.205426,-0.123246,0,-2.23,0.0280,ind s,0.8524642619,0.739634634,0.9825058
sex,5,-0.515161,0.035957,-0.58691,-0.44342,68.299,-0.533046,-0.491898,0,-14.33,<.0001,ind s,0.5974044856,0.5560452586,0.641840055
INTERCEPT,5,-3.489136,0.145724,-3.77822,-3.20005,100.72,-3.553974,-3.393957,0,-23.94,<.0001,ind s,0.0305272271,0.0228632643,0.0407602162
superz_m,5,0.009207,0.021649,-0.03484,0.05326,32.929,-0.006671,0.025517,0,0.43,0.6734,ind s,1.0092490861,0.9657568416,1.0546999761
restz_m,5,0.007882,0.005624,-0.00343,0.01920,46.735,0.004365,0.011807,0,1.40,0.1677,ind s,1.0079130687,0.9965725401,1.0193826471
fastz_m,5,-0.003393,0.005699,-0.01461,0.00782,288.11,-0.006020,-0.001399,0,-0.60,0.5521,ind s,0.9966125039,0.9854955419,1.0078548717
convz_m,5,0.031559,0.026354,-0.02062,0.08374,120.55,0.020573,0.041777,0,1.20,0.2335,ind s,1.0320623717,0.9795939664,1.0873410572
ses_m,5,-0.009422,0.007600,-0.02469,0.00585,49.055,-0.014318,-0.005108,0,-1.24,0.2210,ind s,0.9906219485,0.9756077528,1.0058672064
husbeduc,5,-0.116057,0.027389,-0.17067,-0.06144,70.688,-0.132422,-0.105109,0,-4.24,<.0001,ind s,0.8904242862,0.843097424,0.9404078188
income,5,-0.025539,0.024122,-0.07518,0.02410,25.379,-0.043580,-0.008786,0,-1.06,0.2997,ind s,0.9747842975,0.9275749844,1.0243963482
midwest,5,-0.025821,0.040817,-0.10635,0.05471,183.88,-0.045789,-0.006094,0,-0.63,0.5278,ind s,0.9745094606,0.8991095634,1.0562324409
south,5,-0.048249,0.059408,-0.16839,0.07189,39.267,-0.083493,-0.001889,0,-0.81,0.4216,ind s,0.9528969301,0.8450277791,1.0745357512
west,5,-0.255811,0.069020,-0.39883,-0.11279,22.327,-0.306299,-0.215210,0,-3.71,0.0012,ind s,0.7742882392,0.6711066368,0.8933338526
cohort,5,0.080377,0.037718,0.00597,0.15479,186.09,0.065882,0.100744,0,2.13,0.0344,ind s,1.0836953932,1.0059855971,1.1674080709
chage,5,0.073607,0.007166,0.05937,0.08785,87.852,0.069003,0.076725,0,10.27,<.0001,ind s,1.0763841281,1.0611646893,1.0918218473
white,5,-0.159700,0.071375,-0.30135,-0.01805,97.3,-0.205497,-0.124288,0,-2.24,0.0275,ind s,0.852399144,0.7398159027,0.9821150072
sex,5,-0.514850,0.035919,-0.58652,-0.44318,68.536,-0.532199,-0.491132,0,-14.33,<.0001,ind s,0.5975903618,0.5562620704,0.6419891982
INTERCEPT,5,-3.939591,0.167197,-4.28689,-3.59229,21.409,-4.020931,-3.765508,0,-23.56,<.0001,swamp,0.0194561732,0.0137475675,0.0275352476
foodswampaq1,5,0.069630,0.047470,-0.02414,0.16340,155.13,0.049920,0.095502,0,1.47,0.1444,swamp,1.0721113148,0.9761479058,1.1775087203
foodswampaq2,5,0.034987,0.052079,-0.06817,0.13815,115.01,0.019628,0.071020,0,0.67,0.5031,swamp,1.0356058151,0.9340999502,1.1481420207
foodswampaq3,5,-0.015631,0.050598,-0.11663,0.08537,66.855,-0.053341,0.007437,0,-0.31,0.7583,swamp,0.9844909167,0.8899155229,1.0891172704
sesq0,5,0.073803,0.060228,-0.04824,0.19585,36.894,0.042033,0.121052,0,1.23,0.2282,swamp,1.0765945214,0.9529026134,1.2163423074
sesq1,5,0.069673,0.055555,-0.04166,0.18101,54.96,0.031472,0.104458,0,1.25,0.2151,swamp,1.0721570784,0.9591929106,1.1984250384
sesq2,5,0.066548,0.047294,-0.02624,0.15933,1228,0.051641,0.075882,0,1.41,0.1596,swamp,1.0688124905,0.9741028024,1.1727305753
heduc1,5,0.231154,0.054783,0.12234,0.33996,91.706,0.210784,0.262632,0,4.22,<.0001,swamp,1.2600528621,1.1301436281,1.4048950734
heduc2,5,0.125209,0.041230,0.04338,0.20704,96.691,0.100414,0.139987,0,3.04,0.0031,swamp,1.1333851463,1.0443309055,1.2300333957
fincome1,5,0.076456,0.070891,-0.06542,0.21833,58.6,0.038053,0.111914,0,1.08,0.2852,swamp,1.079454789,0.9366764423,1.2439969543
fincome2,5,0.021367,0.058348,-0.09597,0.13870,47.676,-0.008714,0.062311,0,0.37,0.7158,swamp,1.0215969091,0.9084915092,1.1487837081
fincome3,5,-0.017689,0.053768,-0.12321,0.08783,934.62,-0.030135,-0.002111,0,-0.33,0.7422,swamp,0.982466343,0.8840787869,1.0918032753
midwest,5,-0.038415,0.039419,-0.11588,0.03905,450.56,-0.049426,-0.019884,0,-0.97,0.3303,swamp,0.9623137152,0.8905797933,1.0398256208
south,5,-0.051839,0.059499,-0.17251,0.06884,35.951,-0.092847,-0.005718,0,-0.87,0.3894,swamp,0.9494820938,0.8415469885,1.0712607362
west,5,-0.256032,0.068046,-0.39678,-0.11528,23.037,-0.307746,-0.218723,0,-3.76,0.0010,swamp,0.7741169467,0.6724798496,0.8911152469
cohort,5,0.078457,0.036483,0.00677,0.15014,482.59,0.067953,0.093615,0,2.15,0.0320,swamp,1.0816164712,1.0067953976,1.1619979526
chage,5,0.074167,0.007231,0.05976,0.08857,75.965,0.069425,0.077450,0,10.26,<.0001,swamp,1.0769861715,1.0615862649,1.0926094771
white,5,-0.166484,0.071294,-0.30799,-0.02498,96.599,-0.212048,-0.131413,0,-2.34,0.0216,swamp,0.846636502,0.7349229758,0.9753312797
sex,5,-0.514831,0.035918,-0.58648,-0.44318,69.013,-0.532213,-0.491397,0,-14.33,<.0001,swamp,0.5976015405,0.5562792259,0.6419934172
INTERCEPT,5,-3.414440,0.141540,-3.69421,-3.13467,143.61,-3.474123,-3.330763,0,-24.12,<.0001,swamp,0.0328948218,0.0248670628,0.0435141582
foodswampa_m,5,-0.000531,0.000426,-0.00139,0.00032,50.11,-0.000891,-0.000382,0,-1.25,0.2183,swamp,0.9994686813,0.998613359,1.0003247362
ses_m,5,-0.008983,0.007871,-0.02503,0.00706,31.45,-0.015431,-0.004826,0,-1.14,0.2624,swamp,0.9910574289,0.9752830815,1.0070869126
husbeduc,5,-0.114854,0.027184,-0.16897,-0.06074,78.441,-0.130912,-0.104083,0,-4.23,<.0001,swamp,0.8914961986,0.8445362862,0.9410672877
income,5,-0.028323,0.023806,-0.07717,0.02052,27.021,-0.046020,-0.012937,0,-1.19,0.2445,swamp,0.9720745316,0.9257357129,1.0207328959
midwest,5,-0.034764,0.038798,-0.11103,0.04150,409.94,-0.047954,-0.018430,0,-0.90,0.3708,swamp,0.9658333195,0.8949106246,1.0423767194
south,5,-0.048127,0.057073,-0.16286,0.06660,48.353,-0.082291,-0.005332,0,-0.84,0.4032,swamp,0.9530127401,0.8497119276,1.0688719944
west,5,-0.254043,0.067478,-0.39328,-0.11480,24.084,-0.303675,-0.216303,0,-3.76,0.0009,swamp,0.7756587975,0.6748368758,0.8915437073
cohort,5,0.083396,0.037231,0.01006,0.15673,244.89,0.070879,0.101746,0,2.24,0.0260,swamp,1.0869717601,1.0101117596,1.1696800834
chage,5,0.074110,0.007235,0.05970,0.08852,75.801,0.069395,0.077465,0,10.24,<.0001,swamp,1.0769252488,1.0615184915,1.0925556181
white,5,-0.168343,0.071181,-0.30959,-0.02709,98.426,-0.213620,-0.133387,0,-2.37,0.0200,swamp,0.8450635206,0.733745941,0.9732692393
sex,5,-0.514431,0.035915,-0.58608,-0.44278,68.775,-0.531539,-0.490953,0,-14.32,<.0001,swamp,0.5978407662,0.5565029661,0.6422491945
INTERCEPT,5,-4.050573,0.185678,-4.43295,-3.66819,25.041,-4.156627,-3.882933,0,-21.82,<.0001,ind s,0.0174123888,0.0118793645,0.0255225171
superaq1,5,0.028786,0.081401,-0.13083,0.18840,2663.3,0.011968,0.048894,0,0.35,0.7236,ind s,1.0292038759,0.8773665887,1.2073181632
superaq2,5,0.048436,0.083343,-0.11497,0.21184,3415.9,0.028611,0.067741,0,0.58,0.5612,ind s,1.0496278106,0.8913922582,1.235952557
superaq3,5,0.056461,0.094226,-0.12910,0.24202,255,0.016998,0.093331,0,0.60,0.5496,ind s,1.0580856735,0.8788866561,1.2738221531
restaq1,5,-0.069917,0.069689,-0.21450,0.07467,21.848,-0.107727,-0.006245,0,-1.00,0.3267,ind s,0.9324713832,0.8069431259,1.0775268448
restaq2,5,-0.008292,0.068644,-0.14310,0.12651,616.58,-0.032738,0.009284,0,-0.12,0.9039,ind s,0.9917423121,0.8666702047,1.1348639981
restaq3,5,0.070385,0.084161,-0.09502,0.23579,438.84,0.047656,0.098763,0,0.84,0.4034,ind s,1.0729212216,0.9093515336,1.2659130218
fastaq1,5,0.057173,0.059884,-0.06074,0.17509,262.5,0.028214,0.079293,0,0.95,0.3406,ind s,1.0588385565,0.9410671615,1.1913486461
fastaq2,5,-0.008346,0.063171,-0.13241,0.11572,598.7,-0.024441,0.017340,0,-0.13,0.8949,ind s,0.9916888757,0.8759828226,1.1226782088
fastaq3,5,-0.022091,0.077210,-0.17371,0.12953,638.62,-0.047471,0.000860,0,-0.29,0.7749,ind s,0.9781512876,0.8405430758,1.1382878153
convaq1,5,0.074375,0.089724,-0.10387,0.25262,90.35,0.029116,0.111380,0,0.83,0.4093,ind s,1.0772103566,0.9013439041,1.2873911357
convaq2,5,0.099240,0.086757,-0.07354,0.27202,76.255,0.058750,0.148629,0,1.14,0.2563,ind s,1.1043311869,0.9290965016,1.3126164703
convaq3,5,0.118536,0.092258,-0.06533,0.30240,73.158,0.061906,0.169508,0,1.28,0.2029,ind s,1.1258471869,0.9367613157,1.3531001622
sesq0,5,0.074204,0.059317,-0.04473,0.19313,53.882,0.044794,0.111941,0,1.25,0.2163,ind s,1.0770270331,0.9562603228,1.2130454461
sesq1,5,0.069644,0.055448,-0.04105,0.18034,66.272,0.029446,0.097690,0,1.26,0.2135,ind s,1.0721267528,0.9597777096,1.1976270783
sesq2,5,0.070020,0.047564,-0.02331,0.16335,1080.7,0.053739,0.080047,0,1.47,0.1413,ind s,1.0725297796,0.9769619419,1.1774462022
heduc1,5,0.231624,0.055235,0.12177,0.34148,83.26,0.210684,0.263502,0,4.19,<.0001,ind s,1.260645112,1.1294927469,1.4070263867
heduc2,5,0.127088,0.041359,0.04497,0.20921,93.981,0.102240,0.142433,0,3.07,0.0028,ind s,1.13551671,1.0459955288,1.2326995319
fincome1,5,0.070963,0.071539,-0.07243,0.21435,54.613,0.034536,0.108138,0,0.99,0.3256,ind s,1.0735411157,0.9301324012,1.2390607247
fincome2,5,0.018411,0.058821,-0.10006,0.13689,44.956,-0.013792,0.060004,0,0.31,0.7557,ind s,1.0185817683,0.9047801505,1.1466971486
fincome3,5,-0.018301,0.053965,-0.12423,0.08763,793.09,-0.030780,-0.001578,0,-0.34,0.7346,ind s,0.9818656916,0.8831757393,1.0915836946
midwest,5,-0.025277,0.040851,-0.10588,0.05532,183.58,-0.044607,-0.004712,0,-0.62,0.5368,ind s,0.9750394366,0.8995364922,1.0568797499
south,5,-0.049659,0.060728,-0.17316,0.07384,33.335,-0.088056,-0.000499,0,-0.82,0.4193,ind s,0.9515535882,0.8410001036,1.076639857
west,5,-0.256459,0.069191,-0.39992,-0.11300,22.084,-0.307560,-0.216477,0,-3.71,0.0012,ind s,0.7737869111,0.6703729654,0.8931538332
cohort,5,0.116912,0.049856,0.01901,0.21481,649.76,0.105833,0.138451,0,2.34,0.0193,ind s,1.1240210167,1.0191953877,1.239628104
chage,5,0.073512,0.007182,0.05923,0.08779,84.831,0.068904,0.076682,0,10.23,<.0001,ind s,1.0762817751,1.0610205096,1.091762552
white,5,-0.159647,0.071491,-0.30156,-0.01774,95.982,-0.205430,-0.123464,0,-2.23,0.0279,ind s,0.8524443537,0.7396659405,0.9824183275
sex,5,-0.515113,0.035968,-0.58689,-0.44334,68.021,-0.533034,-0.491790,0,-14.32,<.0001,ind s,0.5974331869,0.5560560052,0.6418893231
INTERCEPT,5,-3.488903,0.145689,-3.77790,-3.19990,101.23,-3.554287,-3.394094,0,-23.95,<.0001,ind s,0.0305343513,0.0228706252,0.0407661183
supera_m,5,0.009200,0.021749,-0.03511,0.05351,31.901,-0.006887,0.025620,0,0.42,0.6751,ind s,1.0092419891,0.9655023369,1.054963156
resta_m,5,0.007584,0.005688,-0.00390,0.01907,41.213,0.003624,0.011450,0,1.33,0.1898,ind s,1.0076124963,0.9961056915,1.0192522253
fasta_m,5,-0.003147,0.005763,-0.01451,0.00822,201.27,-0.005987,-0.000812,0,-0.55,0.5856,ind s,0.9968580394,0.9855940544,1.0082507563
conva_m,5,0.031695,0.026221,-0.02016,0.08355,134.36,0.021307,0.042663,0,1.21,0.2289,ind s,1.0322023365,0.9800377289,1.0871435172
ses_m,5,-0.009373,0.007596,-0.02463,0.00589,49.375,-0.014225,-0.005051,0,-1.23,0.2231,ind s,0.9906709992,0.9756668834,1.005905853
husbeduc,5,-0.116062,0.027386,-0.17067,-0.06145,70.757,-0.132398,-0.105157,0,-4.24,<.0001,ind s,0.8904197418,0.8430977697,0.9403978342
income,5,-0.025537,0.024140,-0.07523,0.02415,25.263,-0.043583,-0.008718,0,-1.06,0.3001,ind s,0.9747864615,0.9275315522,1.0244488646
midwest,5,-0.026239,0.040946,-0.10706,0.05458,171.23,-0.046779,-0.006262,0,-0.64,0.5225,ind s,0.97410219,0.89846952,1.0561015766
south,5,-0.048724,0.059387,-0.16881,0.07136,39.371,-0.083589,-0.002437,0,-0.82,0.4169,ind s,0.9524444052,0.8446694575,1.0739708142
west,5,-0.256365,0.069008,-0.39935,-0.11338,22.347,-0.307133,-0.215743,0,-3.71,0.0012,ind s,0.7738594753,0.6707552948,0.8928121658
cohort,5,0.080490,0.037697,0.00613,0.15485,188.44,0.066120,0.100783,0,2.14,0.0340,ind s,1.0838184422,1.0061475271,1.1674852685
chage,5,0.073624,0.007169,0.05937,0.08787,87.185,0.069014,0.076744,0,10.27,<.0001,ind s,1.0764023991,1.0611730833,1.0918502768
white,5,-0.159659,0.071358,-0.30127,-0.01805,97.719,-0.205497,-0.124427,0,-2.24,0.0275,ind s,0.8524346964,0.7398774577,0.9821152192
sex,5,-0.514806,0.035932,-0.58650,-0.44311,68.242,-0.532164,-0.491027,0,-14.33,<.0001,ind s,0.5976163715,0.5562689057,0.6420371943
INTERCEPT,5,-3.334711,0.234400,-3.80559,-2.86383,49.68,-3.452827,-3.168983,0,-14.23,<.0001,geswt,0.0356248981,0.0222460042,0.0570499471
gotweight,5,0.166683,0.046240,0.07366,0.25970,47.03,0.151229,0.206703,0,3.60,0.0008,geswt,1.1813797432,1.0764431081,1.2965460851
prev_preg1,5,-0.008552,0.047480,-0.10203,0.08492,272.22,-0.034627,0.004195,0,-0.18,0.8572,geswt,0.9914847306,0.9030064527,1.0886322774
prev_preg2,5,0.003280,0.060816,-0.11767,0.12423,83.616,-0.040826,0.028342,0,0.05,0.9571,geswt,1.0032858243,0.8889924161,1.1322733771
prev_preg3,5,0.062913,0.071896,-0.08050,0.20633,69.384,0.024966,0.105052,0,0.88,0.3846,geswt,1.0649346547,0.9226538004,1.2291563947
agebirth,5,-0.003106,0.006736,-0.01674,0.01053,37.984,-0.007762,0.001365,0,-0.46,0.6474,geswt,0.9968989643,0.9833970783,1.0105862289
bpregow,5,0.605233,0.049272,0.50821,0.70226,258.26,0.580969,0.621349,0,12.28,<.0001,geswt,1.8316790131,1.662307645,2.018307512
chage,5,0.033525,0.008450,0.01653,0.05052,47.145,0.029063,0.038870,0,3.97,0.0002,geswt,1.0340930832,1.0166634402,1.0518215395
white,5,-0.084796,0.073823,-0.23033,0.06074,208.36,-0.101932,-0.041681,0,-1.15,0.2520,geswt,0.9186996943,0.7942701317,1.0626222675
sex,5,-0.557674,0.041549,-0.64046,-0.47489,74.318,-0.586145,-0.539599,0,-13.42,<.0001,geswt,0.5725391902,0.5270514656,0.6219527801
INTERCEPT,5,-6.548374,0.380219,-7.32706,-5.76968,28.122,-6.769099,-6.212176,0,-17.22,<.0001,physi,0.0014324426,0.0006575006,0.003120745
physicianq1,5,-0.023294,0.099149,-0.21883,0.17224,196.63,-0.057406,0.034282,0,-0.23,0.8145,physi,0.9769748322,0.8034612054,1.1879600613
physicianq2,5,0.050862,0.104080,-0.15639,0.25811,77.048,-0.004170,0.107706,0,0.49,0.6265,physi,1.0521774774,0.8552282814,1.2944817985
physicianq3,5,0.008387,0.122944,-0.24273,0.25951,29.905,-0.092932,0.091131,0,0.07,0.9461,physi,1.0084224976,0.7844823903,1.2962890516
sesq0,5,0.087777,0.151413,-0.23441,0.40996,15.298,-0.031267,0.207645,0,0.58,0.5705,physi,1.0917451107,0.7910411494,1.5067577553
sesq1,5,0.075567,0.118733,-0.16459,0.31572,39.038,0.021668,0.150752,0,0.64,0.5282,physi,1.0784951689,0.8482456475,1.371244088
sesq2,5,0.059275,0.115139,-0.17537,0.29392,31.601,0.008295,0.144323,0,0.51,0.6103,physi,1.0610667888,0.8391452362,1.3416780336
heduc1,5,0.351669,0.112395,0.12742,0.57592,68.505,0.305025,0.428184,0,3.13,0.0026,physi,1.4214381769,1.1358912476,1.7787675494
heduc2,5,0.115552,0.085774,-0.05683,0.28793,48.881,0.076481,0.161877,0,1.35,0.1841,physi,1.1224928581,0.9447568721,1.3336661038
fincome1,5,0.029183,0.154932,-0.28965,0.34801,25.408,-0.117611,0.109445,0,0.19,0.8521,physi,1.0296133364,0.7485287761,1.4162496571
fincome2,5,0.038700,0.110230,-0.18219,0.25959,55.129,-0.042072,0.084755,0,0.35,0.7269,physi,1.039458969,0.833439763,1.2964043666
fincome3,5,0.021805,0.111304,-0.19839,0.24200,130.35,-0.039900,0.057045,0,0.20,0.8450,physi,1.022044589,0.8200493638,1.2737954421
midwest,5,0.029992,0.086712,-0.14417,0.20416,50.027,-0.020764,0.072578,0,0.35,0.7309,physi,1.0304458416,0.8657379895,1.2264895908
south,5,-0.124093,0.109157,-0.34023,0.09205,119.18,-0.161878,-0.057626,0,-1.14,0.2579,physi,0.8832975209,0.7116048209,1.0964154366
west,5,-0.323753,0.114805,-0.55021,-0.09730,190.48,-0.368700,-0.265106,0,-2.82,0.0053,physi,0.7234287301,0.5768308532,0.9072835211
chage,5,0.241310,0.016868,0.20772,0.27490,76.424,0.233579,0.250440,0,14.31,<.0001,physi,1.2729161892,1.2308663944,1.3164025211
white,5,-0.166973,0.186842,-0.54785,0.21391,31.377,-0.338106,-0.069565,0,-0.89,0.3783,physi,0.8462221956,0.5781893732,1.2385077235
sex,5,-0.392718,0.081195,-0.56194,-0.22350,20.285,-0.446368,-0.314222,0,-4.84,<.0001,physi,0.6752192126,0.5701045363,0.799714712
INTERCEPT,5,-5.959694,0.366760,-6.69478,-5.22461,54.735,-6.212476,-5.815551,0,-16.25,<.0001,physi,0.0025807004,0.0012373578,0.0053824485
physician_m,5,0.000016249,0.000102,-0.00020,0.00023,19.531,-0.000078404,0.000097810,0,0.16,0.8755,physi,1.000016249,0.9998024284,1.0002301153
ses_m,5,-0.012066,0.019001,-0.05222,0.02809,16.638,-0.026294,0.002099,0,-0.64,0.5340,physi,0.9880065228,0.94911945,1.0284868665
husbeduc,5,-0.167714,0.057194,-0.28222,-0.05321,57.588,-0.208039,-0.141255,0,-2.93,0.0048,physi,0.8455952378,0.7541085073,0.9481809306
income,5,-0.009467,0.044594,-0.10017,0.08124,33.201,-0.026341,0.031128,0,-0.21,0.8332,physi,0.9905778759,0.904681124,1.0846302661
midwest,5,0.021048,0.085774,-0.15139,0.19348,48.284,-0.031399,0.066069,0,0.25,0.8072,physi,1.0212713516,0.8595163245,1.213467556
south,5,-0.130916,0.107856,-0.34433,0.08250,127.68,-0.170169,-0.067576,0,-1.21,0.2271,physi,0.8772912086,0.7086933575,1.0859984175
west,5,-0.332166,0.116169,-0.56322,-0.10111,82.935,-0.377203,-0.256076,0,-2.86,0.0054,physi,0.7173683776,0.5693701868,0.9038362055
chage,5,0.241240,0.016883,0.20761,0.27487,75.143,0.233501,0.250357,0,14.29,<.0001,physi,1.2728269115,1.2307304181,1.3163632934
white,5,-0.165255,0.187599,-0.54799,0.21748,30.753,-0.338041,-0.067096,0,-0.88,0.3852,physi,0.8476771709,0.5781103848,1.2429401114
sex,5,-0.392318,0.080885,-0.56072,-0.22391,20.602,-0.445218,-0.314272,0,-4.85,<.0001,physi,0.6754893152,0.5707951645,0.7993862654
INTERCEPT,5,-6.557999,0.388040,-7.35588,-5.76012,25.832,-6.823759,-6.231881,0,-16.90,<.0001,food,0.0014187214,0.0006388249,0.003150739
desertq1,5,0.003672,0.108333,-0.21381,0.22116,51.021,-0.049935,0.090649,0,0.03,0.9731,food,1.0036785231,0.8074996238,1.2475183244
desertq2,5,0.065811,0.112490,-0.16254,0.29416,35.081,0.017900,0.168687,0,0.59,0.5623,food,1.0680244466,0.8499836946,1.3419977651
desertq3,5,-0.022242,0.120098,-0.26705,0.22257,31.423,-0.117961,0.060238,0,-0.19,0.8543,food,0.9780036958,0.765634873,1.2492785564
sesq0,5,0.092729,0.133661,-0.18732,0.37278,18.712,-0.008450,0.218084,0,0.69,0.4964,food,1.0971638696,0.829178829,1.4517598794
sesq1,5,0.078044,0.111244,-0.14398,0.30007,67.308,0.032812,0.135885,0,0.70,0.4854,food,1.0811702491,0.8659039778,1.3499523476
sesq2,5,0.058373,0.114232,-0.17352,0.29026,35.055,-0.007884,0.134710,0,0.51,0.6126,food,1.0601100404,0.8407031401,1.3367778043
heduc1,5,0.352828,0.111166,0.13162,0.57404,80.372,0.306758,0.425748,0,3.17,0.0021,food,1.4230860981,1.1406709904,1.7754234655
heduc2,5,0.115528,0.085685,-0.05661,0.28767,49.614,0.077507,0.161077,0,1.35,0.1837,food,1.1224662726,0.9449636612,1.3333110942
fincome1,5,0.028020,0.155856,-0.29316,0.34920,24.709,-0.119579,0.108082,0,0.18,0.8588,food,1.0284158872,0.7459000866,1.417936874
fincome2,5,0.038194,0.110092,-0.18224,0.25862,57.316,-0.042712,0.080676,0,0.35,0.7299,food,1.0389326632,0.8334054052,1.2951452822
fincome3,5,0.022291,0.111378,-0.19805,0.24263,130.46,-0.038229,0.057820,0,0.20,0.8417,food,1.0225415572,0.8203292791,1.2745994358
midwest,5,0.030912,0.084037,-0.13677,0.19859,68.334,-0.006132,0.080186,0,0.37,0.7141,food,1.0313948833,0.8721739624,1.2196825992
south,5,-0.109815,0.115269,-0.33933,0.11970,77.306,-0.161288,-0.042030,0,-0.95,0.3437,food,0.896000275,0.7122477637,1.1271590221
west,5,-0.315186,0.118601,-0.55124,-0.07913,79.33,-0.372888,-0.249461,0,-2.66,0.0095,food,0.7296528021,0.5762346995,0.9239173066
chage,5,0.241546,0.016767,0.20819,0.27490,81.839,0.233983,0.250211,0,14.41,<.0001,food,1.2732162882,1.2314484096,1.3164008364
white,5,-0.169793,0.186479,-0.54947,0.20989,32.354,-0.338576,-0.072166,0,-0.91,0.3693,food,0.8438396754,0.5772531315,1.2335409874
sex,5,-0.392716,0.080805,-0.56086,-0.22457,20.798,-0.444556,-0.314801,0,-4.86,<.0001,food,0.6752204781,0.5707193066,0.7988562656
INTERCEPT,5,-5.938405,0.383586,-6.71662,-5.16019,35.647,-6.233934,-5.751799,0,-15.48,<.0001,food,0.0026362321,0.001210623,0.0057406143
desert_m,5,-0.000760,0.015513,-0.03182,0.03030,57.713,-0.011818,0.008410,0,-0.05,0.9611,food,0.9992401626,0.9686846969,1.0307594471
ses_m,5,-0.013445,0.016398,-0.04748,0.02059,21.679,-0.028114,-0.001705,0,-0.82,0.4212,food,0.9866454079,0.9536284596,1.0208054836
husbeduc,5,-0.167999,0.056668,-0.28117,-0.05483,65.044,-0.205810,-0.142264,0,-2.96,0.0042,food,0.8453547238,0.7548989261,0.9466493915
income,5,-0.009638,0.044920,-0.10112,0.08184,32.179,-0.028151,0.031622,0,-0.21,0.8315,food,0.9904082182,0.9038274559,1.0852828516
midwest,5,0.023506,0.084666,-0.14572,0.19273,62.314,-0.016491,0.075454,0,0.28,0.7822,food,1.0237845995,0.8643977548,1.2125608846
south,5,-0.127350,0.114223,-0.35488,0.10018,75.356,-0.174935,-0.053565,0,-1.11,0.2684,food,0.880425703,0.701260113,1.1053664742
west,5,-0.330812,0.115621,-0.56053,-0.10109,89.435,-0.389466,-0.263408,0,-2.86,0.0053,food,0.7183399552,0.5709049079,0.9038498078
chage,5,0.241348,0.016788,0.20794,0.27476,79.988,0.233858,0.249967,0,14.38,<.0001,food,1.2729640634,1.2311381434,1.3162109511
white,5,-0.165348,0.187690,-0.54821,0.21751,30.874,-0.336589,-0.064170,0,-0.88,0.3851,food,0.8475984647,0.5779845447,1.2429798754
sex,5,-0.392392,0.080778,-0.56048,-0.22430,20.787,-0.444336,-0.314538,0,-4.86,<.0001,food,0.6754391929,0.5709323471,0.7990755921
