Parm,Estimate,Stderr,LowerCL,UpperCL,Z,ProbZ,Level1,mod,RR,LCI,UCI
Intercept,-6.5942,0.5150,-7.6036,-5.5848,-12.80,<.0001,,mom,0.0013682826,0.0004986412,0.0037545977
mowestq1,-0.0035,0.1352,-0.2684,0.2614,-0.03,0.9793,,mom,0.9964979858,0.7645749263,1.2987716462
mowestq2,0.0008,0.1520,-0.2971,0.2987,0.01,0.9959,,mom,1.0007876844,0.742938093,1.3481284628
mowestq3,0.3287,0.1636,0.0080,0.6493,2.01,0.0445,,mom,1.3891200222,1.0080618176,1.9142223249
mocalq1,0.1129,0.1323,-0.1463,0.3722,0.85,0.3933,,mom,1.1195398173,0.8638711,1.4508754865
mocalq2,-0.1679,0.1506,-0.4631,0.1274,-1.11,0.2652,,mom,0.8454757352,0.6293261876,1.1358644101
mocalq3,-0.1984,0.1669,-0.5255,0.1286,-1.19,0.2344,,mom,0.8200342753,0.5912855157,1.137278345
mopaq0,0.3662,0.1340,0.1036,0.6287,2.73,0.0063,,mom,1.4422194236,1.1091865442,1.8752453106
mopaq1,0.3268,0.1330,0.0662,0.5875,2.46,0.0140,,mom,1.3865611065,1.0684417588,1.799397755
mopaq2,0.2596,0.1338,-0.0027,0.5218,1.94,0.0524,,mom,1.2964020849,0.9973477456,1.6851277531
mosmk2,0.2016,0.1020,0.0016,0.4016,1.98,0.0482,,mom,1.2233804329,1.001625454,1.4942308799
mosmk3,0.2505,0.1859,-0.1138,0.6149,1.35,0.1778,,mom,1.2847313248,0.8923940817,1.8495579599
moshiftq1,0.2750,0.1253,0.0294,0.5206,2.19,0.0282,,mom,1.3164941866,1.029806186,1.6829933312
moshiftq2,0.2209,0.1262,-0.0265,0.4683,1.75,0.0801,,mom,1.2472407848,0.973883445,1.5973262336
moshiftq3,0.2965,0.1254,0.0507,0.5422,2.36,0.0180,,mom,1.3451016886,1.0520587118,1.7197695645
moage,-0.0084,0.0121,-0.0321,0.0153,-0.70,0.4864,,mom,0.9916109731,0.9683638727,1.0154161567
cohort,0.1130,0.1008,-0.0845,0.3106,1.12,0.2622,,mom,1.1196578692,0.9189274598,1.3642358063
chage,0.1489,0.0213,0.1071,0.1908,6.98,<.0001,,mom,1.1606142098,1.1130933763,1.2101638304
white,-0.1314,0.1925,-0.5087,0.2459,-0.68,0.4950,,mom,0.8768893865,0.6012824405,1.2788249654
sex,-0.4828,0.0891,-0.6575,-0.3081,-5.42,<.0001,,mom,0.6170685073,0.5181629717,0.7348528619
Intercept,-5.7740,0.5447,-6.8416,-4.7065,-10.60,<.0001,,mom,0.0031072701,0.0010684323,0.0090367238
mowest_m,0.1582,0.0846,-0.0077,0.3240,1.87,0.0616,,mom,1.1713635725,0.9923185721,1.3827138357
mocal_m,-0.0002,0.0001,-0.0004,0.0001,-1.36,0.1741,,mom,0.9998192689,0.9995587236,1.0000798821
mopa_m,-0.0109,0.0037,-0.0182,-0.0036,-2.92,0.0035,,mom,0.9891513985,0.9819445989,0.9964110911
mosmk2,0.2117,0.1018,0.0121,0.4112,2.08,0.0376,,mom,1.2357155725,1.0121694985,1.508633661
mosmk3,0.2542,0.1858,-0.1100,0.6184,1.37,0.1714,,mom,1.2894194044,0.8957979849,1.8560014963
moshift_m,0.0145,0.0076,-0.0003,0.0293,1.92,0.0543,,mom,1.014646196,0.9997321361,1.0297827447
moage,-0.0083,0.0121,-0.0320,0.0154,-0.69,0.4925,,mom,0.9917436114,0.9685393245,1.015503827
cohort,0.1783,0.1033,-0.0241,0.3808,1.73,0.0842,,mom,1.1952329729,0.976192433,1.4634223859
chage,0.1515,0.0213,0.1097,0.1933,7.10,<.0001,,mom,1.1635703872,1.1159142698,1.2132617018
white,-0.1160,0.1925,-0.4932,0.2613,-0.60,0.5468,,mom,0.8904944709,0.6106434718,1.2985980188
sex,-0.4834,0.0889,-0.6577,-0.3091,-5.43,<.0001,,mom,0.616695802,0.5180384346,0.7341418838
Intercept,-6.3983,0.5134,-7.4045,-5.3920,-12.46,<.0001,,mom,0.0016644171,0.0006084993,0.0045526501
mowestq1,-0.0342,0.1352,-0.2991,0.2308,-0.25,0.8005,,mom,0.966423001,0.7414913794,1.2595876944
mowestq2,-0.0864,0.1504,-0.3811,0.2083,-0.57,0.5657,,mom,0.9172519332,0.6831177353,1.2316341174
mowestq3,0.1510,0.1657,-0.1737,0.4757,0.91,0.3621,,mom,1.1630002934,0.8405282045,1.6091901201
mocalq1,0.1587,0.1329,-0.1017,0.4191,1.19,0.2323,,mom,1.1719719128,0.9032990678,1.5205574914
mocalq2,-0.1048,0.1508,-0.4003,0.1906,-0.70,0.4868,,mom,0.9004651396,0.6700987537,1.2100268253
mocalq3,-0.1150,0.1673,-0.4430,0.2130,-0.69,0.4920,,mom,0.89139007,0.6421338577,1.2373997218
mopaq0,0.1984,0.1350,-0.0661,0.4630,1.47,0.1415,,mom,1.2195097506,0.9360448791,1.5888170162
mopaq1,0.2251,0.1340,-0.0375,0.4877,1.68,0.0930,,mom,1.2524374897,0.9631628475,1.6285923713
mopaq2,0.2222,0.1335,-0.0395,0.4839,1.66,0.0961,,mom,1.2487672383,0.9612341208,1.6223098844
mosmk2,0.2049,0.1019,0.0052,0.4046,2.01,0.0444,,mom,1.2273444588,1.0051653904,1.4986333941
mosmk3,0.2582,0.1860,-0.1064,0.6228,1.39,0.1652,,mom,1.2945580007,0.8990271844,1.8641042745
moob,1.1942,0.1034,0.9914,1.3969,11.55,<.0001,,mom,3.3007989579,2.6951321268,4.0425750012
moshiftq1,0.2604,0.1250,0.0153,0.5055,2.08,0.0373,,mom,1.2974585473,1.0154416211,1.6577995691
moshiftq2,0.1905,0.1261,-0.0567,0.4377,1.51,0.1308,,mom,1.2099049002,0.9449231294,1.5491946613
moshiftq3,0.2049,0.1262,-0.0425,0.4523,1.62,0.1045,,mom,1.2273839593,0.9583827209,1.5718891323
moage,-0.0121,0.0121,-0.0358,0.0115,-1.01,0.3136,,mom,0.9879243918,0.9648541613,1.0115462452
cohort,0.1336,0.1013,-0.0649,0.3322,1.32,0.1872,,mom,1.1429678,0.9371346849,1.3940102879
chage,0.1432,0.0213,0.1015,0.1849,6.73,<.0001,,mom,1.1539543106,1.1068294302,1.2030856017
white,-0.1427,0.1911,-0.5172,0.2318,-0.75,0.4552,,mom,0.8670283526,0.5961914701,1.2609005696
sex,-0.4865,0.0889,-0.6607,-0.3123,-5.47,<.0001,,mom,0.6147860205,0.5164976275,0.7317784843
Intercept,-6.4369,0.5257,-7.4673,-5.4066,-12.24,<.0001,,mom,0.0016013041,0.0005714935,0.0044867959
mowestq1,-0.0296,0.1354,-0.2949,0.2357,-0.22,0.8270,,mom,0.9708441376,0.7446036229,1.2658256157
mowestq2,-0.0554,0.1524,-0.3541,0.2433,-0.36,0.7163,,mom,0.9461281994,0.7018159484,1.2754890676
mowestq3,0.2159,0.1653,-0.1080,0.5398,1.31,0.1915,,mom,1.2409496507,0.8975888806,1.715658548
mocalq1,0.1393,0.1329,-0.1211,0.3998,1.05,0.2945,,mom,1.1495125861,0.8859015557,1.4915643584
mocalq2,-0.1303,0.1513,-0.4269,0.1663,-0.86,0.3893,,mom,0.8778454859,0.6525294258,1.1809623698
mocalq3,-0.1386,0.1675,-0.4668,0.1897,-0.83,0.4080,,mom,0.8706072596,0.6270076816,1.2088480296
mopaq0,0.3212,0.1346,0.0575,0.5850,2.39,0.0170,,mom,1.3787996986,1.0591489092,1.7949209901
mopaq1,0.3221,0.1328,0.0619,0.5824,2.43,0.0153,,mom,1.3800916717,1.0638053179,1.7904150225
mopaq2,0.2719,0.1334,0.0104,0.5334,2.04,0.0415,,mom,1.312486454,1.0104684395,1.7047743647
mosmk2,0.1881,0.1025,-0.0129,0.3890,1.83,0.0666,,mom,1.2069156724,0.9872058508,1.4755235082
mosmk3,0.2409,0.1870,-0.1257,0.6075,1.29,0.1977,,mom,1.272403318,0.881916943,1.8357853498
moshiftq1,0.2534,0.1252,0.0080,0.4989,2.02,0.0430,,mom,1.288416076,1.0079829899,1.6468690461
moshiftq2,0.2025,0.1261,-0.0447,0.4497,1.61,0.1084,,mom,1.224466872,0.9562664173,1.5678885022
moshiftq3,0.2540,0.1254,0.0082,0.4999,2.03,0.0428,,mom,1.2892012149,1.0082242747,1.6484822021
abwt1,0.0775,0.2667,-0.4453,0.6003,0.29,0.7713,,mom,1.0806139589,0.6406501052,1.8227211994
abwt3,0.3963,0.2218,-0.0384,0.8309,1.79,0.0739,,mom,1.4862628092,0.9623627357,2.2953685302
gweek1,0.0375,0.2143,-0.3826,0.4576,0.18,0.8610,,mom,1.0382378474,0.6820941798,1.5803357656
gweek3,0.2809,0.1687,-0.0496,0.6115,1.67,0.0958,,mom,1.3243420684,0.9515725455,1.8431405177
Delivery,0.1037,0.1046,-0.1014,0.3088,0.99,0.3219,,mom,1.1092219295,0.9035305271,1.3617395892
pregcomp2,0.1803,0.1391,-0.0923,0.4528,1.30,0.1948,,mom,1.1975549358,0.9118606923,1.5727597827
bpregob,1.0552,0.1558,0.7499,1.3605,6.77,<.0001,,mom,2.87252872,2.1168349299,3.8979993813
prev_preg1,0.0308,0.1109,-0.1866,0.2482,0.28,0.7812,,mom,1.0312858071,0.8298159782,1.2816702063
prev_preg2,0.1430,0.1278,-0.1076,0.3935,1.12,0.2634,,mom,1.1536825041,0.8979965463,1.4821697543
prev_preg3,0.1384,0.1518,-0.1592,0.4360,0.91,0.3620,,mom,1.1484674516,0.8528386808,1.5465732466
moage,-0.0193,0.0130,-0.0448,0.0062,-1.48,0.1381,,mom,0.980905607,0.9562295304,1.0062184645
cohort,0.1267,0.1014,-0.0720,0.3254,1.25,0.2114,,mom,1.1350514815,0.9305209538,1.3845382637
chage,0.1616,0.0219,0.1186,0.2047,7.36,<.0001,,mom,1.1754318578,1.1259369752,1.227102478
white,-0.1428,0.1916,-0.5184,0.2328,-0.75,0.4562,,mom,0.8669473206,0.5955010285,1.2621265468
sex,-0.4759,0.0895,-0.6514,-0.3004,-5.32,<.0001,,mom,0.6213233986,0.5213195949,0.7405107529
Intercept,-5.7568,0.5557,-6.8460,-4.6677,-10.36,<.0001,,mom,0.0031610546,0.0010636623,0.0093942094
mowest_m,0.0968,0.0854,-0.0706,0.2642,1.13,0.2568,,mom,1.1016921086,0.9318799189,1.3024483921
mocal_m,-0.0001,0.0001,-0.0004,0.0001,-0.97,0.3308,,mom,0.9998703153,0.999609025,1.0001316738
mopa_m,-0.0097,0.0037,-0.0170,-0.0025,-2.63,0.0085,,mom,0.9903130904,0.9831581073,0.9975201443
mosmk2,0.1986,0.1023,-0.0018,0.3990,1.94,0.0521,,mom,1.2197186482,0.9982071703,1.4903855883
mosmk3,0.2432,0.1868,-0.1230,0.6093,1.30,0.1930,,mom,1.2753159008,0.884306933,1.8392150804
moshift_m,0.0124,0.0076,-0.0024,0.0273,1.64,0.1006,,mom,1.0125068035,0.9975945764,1.0276419413
abwt1,0.0838,0.2668,-0.4391,0.6068,0.31,0.7534,,mom,1.0874303593,0.6445970246,1.8344868829
abwt3,0.3913,0.2214,-0.0426,0.8253,1.77,0.0772,,mom,1.4789669587,0.9582716856,2.2825919806
gweek1,0.0329,0.2139,-0.3864,0.4522,0.15,0.8779,,mom,1.0334049418,0.6794765832,1.5716888559
gweek3,0.2755,0.1683,-0.0543,0.6053,1.64,0.1016,,mom,1.3171679345,0.9471459925,1.8317465114
Delivery,0.1067,0.1046,-0.0984,0.3117,1.02,0.3079,,mom,1.1125694609,0.906317657,1.365758237
pregcomp2,0.1837,0.1392,-0.0891,0.4565,1.32,0.1868,,mom,1.2016945702,0.9147876285,1.578584794
bpregob,1.0546,0.1555,0.7498,1.3593,6.78,<.0001,,mom,2.8707843996,2.1166420345,3.8936215641
prev_preg1,0.0333,0.1107,-0.1838,0.2503,0.30,0.7639,,mom,1.0338194663,0.8321434857,1.2843730767
prev_preg2,0.1444,0.1277,-0.1059,0.3947,1.13,0.2581,,mom,1.1553680407,0.8995241461,1.4839794077
prev_preg3,0.1406,0.1518,-0.1569,0.4380,0.93,0.3544,,mom,1.1509126985,0.8547568235,1.5496805678
moage,-0.0195,0.0130,-0.0450,0.0059,-1.51,0.1319,,mom,0.9806538533,0.9560448932,1.0058962575
cohort,0.1839,0.1037,-0.0193,0.3872,1.77,0.0762,,mom,1.2019421888,0.980843359,1.4728804676
chage,0.1645,0.0219,0.1215,0.2075,7.50,<.0001,,mom,1.1788441521,1.1292422727,1.2306247903
white,-0.1221,0.1918,-0.4981,0.2538,-0.64,0.5243,,mom,0.885042081,0.6077088743,1.2889386979
sex,-0.4758,0.0894,-0.6511,-0.3005,-5.32,<.0001,,mom,0.6213869261,0.5214707031,0.7404475642
Intercept,-6.3283,0.5255,-7.3583,-5.2984,-12.04,<.0001,,mom,0.0017849807,0.000637278,0.0049996328
mowestq1,-0.0401,0.1354,-0.3055,0.2252,-0.30,0.7669,,mom,0.9606490641,0.7367278027,1.2526290185
mowestq2,-0.0999,0.1511,-0.3961,0.1964,-0.66,0.5088,,mom,0.904967132,0.6729472554,1.2169832085
mowestq3,0.1221,0.1662,-0.2037,0.4479,0.73,0.4627,,mom,1.1298451612,0.8156755906,1.565021809
mocalq1,0.1667,0.1332,-0.0943,0.4277,1.25,0.2105,,mom,1.1814383844,0.9100456167,1.5337655941
mocalq2,-0.0967,0.1513,-0.3931,0.1998,-0.64,0.5229,,mom,0.9078719327,0.6749393614,1.2211933296
mocalq3,-0.0977,0.1676,-0.4263,0.2309,-0.58,0.5602,,mom,0.9069470368,0.652947446,1.2597536486
mopaq0,0.2093,0.1351,-0.0555,0.4741,1.55,0.1213,,mom,1.2328445707,0.9460527196,1.6065761495
mopaq1,0.2415,0.1340,-0.0211,0.5040,1.80,0.0714,,mom,1.2731507301,0.9791631939,1.6554061587
mopaq2,0.2359,0.1334,-0.0256,0.4974,1.77,0.0770,,mom,1.2660515801,0.9747653961,1.6443819303
mosmk2,0.1989,0.1024,-0.0019,0.3997,1.94,0.0522,,mom,1.2200976204,0.9981396263,1.4914127885
mosmk3,0.2463,0.1865,-0.1192,0.6119,1.32,0.1865,,mom,1.2793341429,0.8876420875,1.8438691362
moshiftq1,0.2520,0.1250,0.0071,0.4969,2.02,0.0437,,mom,1.286630241,1.0071399301,1.6436816054
moshiftq2,0.1849,0.1262,-0.0624,0.4323,1.47,0.1429,,mom,1.2031100765,0.9394738669,1.5407281748
moshiftq3,0.2014,0.1260,-0.0455,0.4483,1.60,0.1099,,mom,1.2230911735,0.9554736406,1.5656653988
moob,1.1027,0.1245,0.8588,1.3466,8.86,<.0001,,mom,3.0122553251,2.3602529025,3.8443685988
abwt1,0.0929,0.2663,-0.4290,0.6148,0.35,0.7272,,mom,1.0973356457,0.6511505187,1.8492583278
abwt3,0.2784,0.2237,-0.1601,0.7169,1.24,0.2134,,mom,1.3210308669,0.8520463628,2.0481544521
gweek1,0.0498,0.2142,-0.3699,0.4696,0.23,0.8160,,mom,1.0510949989,0.6907761925,1.5993612819
gweek3,0.2652,0.1697,-0.0675,0.5979,1.56,0.1182,,mom,1.3037176578,0.9347502268,1.8183250267
Delivery,0.0501,0.1041,-0.1539,0.2542,0.48,0.6301,,mom,1.0514138391,0.857332638,1.2894307437
pregcomp2,0.0803,0.1401,-0.1944,0.3549,0.57,0.5667,,mom,1.083594234,0.8233685874,1.4260641977
bpregob,0.2005,0.1829,-0.1580,0.5590,1.10,0.2730,,mom,1.2220226377,0.8538482116,1.7489517537
prev_preg1,0.0382,0.1109,-0.1791,0.2555,0.34,0.7304,,mom,1.0389491103,0.8360295421,1.2911209466
prev_preg2,0.1521,0.1276,-0.0980,0.4021,1.19,0.2333,,mom,1.1642387776,0.9066779439,1.4949651531
prev_preg3,0.1371,0.1509,-0.1587,0.4328,0.91,0.3637,,mom,1.1468960176,0.8532480297,1.5416038824
moage,-0.0192,0.0129,-0.0445,0.0061,-1.49,0.1371,,mom,0.9809942665,0.9564891486,1.006127202
cohort,0.1384,0.1015,-0.0605,0.3373,1.36,0.1725,,mom,1.1484651122,0.9413257168,1.4011856793
chage,0.1523,0.0219,0.1094,0.1953,6.95,<.0001,,mom,1.16454799,1.1155834032,1.2156617041
white,-0.1499,0.1911,-0.5244,0.2246,-0.78,0.4328,,mom,0.8608058954,0.5919208586,1.2518342254
sex,-0.4803,0.0893,-0.6553,-0.3052,-5.38,<.0001,,mom,0.6186153415,0.5192743221,0.736961033
Intercept,-6.2363,0.4893,-7.1952,-5.2774,-12.75,<.0001,,ute,0.0019570934,0.0007501532,0.0051059098
agebirth,-0.0128,0.0129,-0.0380,0.0125,-0.99,0.3224,,ute,0.9873217474,0.9626831422,1.0125909452
abwt1,0.0845,0.2667,-0.4382,0.6071,0.32,0.7514,,ute,1.0881392919,0.6452113738,1.8351305738
abwt3,0.3972,0.2206,-0.0352,0.8296,1.80,0.0718,,ute,1.4876756741,0.9654522605,2.2923752957
gweek1,0.0342,0.2142,-0.3856,0.4540,0.16,0.8731,,ute,1.0347989132,0.680028744,1.5746522485
gweek3,0.2711,0.1687,-0.0596,0.6018,1.61,0.1081,,ute,1.3114461983,0.9421621525,1.8254725332
Delivery,0.1145,0.1045,-0.0903,0.3193,1.10,0.2731,,ute,1.1213350549,0.9136603806,1.3762141074
pregcomp2,0.1838,0.1391,-0.0888,0.4564,1.32,0.1863,,ute,1.201792693,0.9150325718,1.5784199616
bpregob,1.1379,0.1527,0.8387,1.4370,7.45,<.0001,,ute,3.1200659182,2.3132746495,4.2082384538
prev_preg1,0.0306,0.1109,-0.1867,0.2480,0.28,0.7823,,ute,1.0311164213,0.8296670541,1.2814792019
prev_preg2,0.1327,0.1276,-0.1174,0.3829,1.04,0.2984,,ute,1.1419549729,0.8891974027,1.4665597944
prev_preg3,0.1341,0.1505,-0.1609,0.4291,0.89,0.3729,,ute,1.1435214435,0.8514188961,1.5358377619
cohort,0.0985,0.1000,-0.0974,0.2944,0.99,0.3244,,ute,1.103517774,0.9071896405,1.3423339763
chage,0.1443,0.0179,0.1092,0.1793,8.06,<.0001,,ute,1.1552040046,1.1153989781,1.1964295453
white,-0.0908,0.1907,-0.4645,0.2829,-0.48,0.6338,,ute,0.9131635899,0.6284255534,1.3269157141
sex,-0.4688,0.0893,-0.6439,-0.2937,-5.25,<.0001,,ute,0.6257536719,0.5252341032,0.7455107265
Intercept,-6.1910,0.4892,-7.1499,-5.2322,-12.65,<.0001,,pre,0.0020477191,0.0007849543,0.005341908
agebirth,-0.0106,0.0129,-0.0359,0.0146,-0.83,0.4085,,pre,0.9894191904,0.9647761156,1.0146917181
bpregob,1.1963,0.1513,0.8998,1.4928,7.91,<.0001,,pre,3.3077173674,2.4589960949,4.4493743629
prev_preg1,0.0094,0.1106,-0.2075,0.2262,0.08,0.9325,,pre,1.0094116343,0.8126280793,1.2538476992
prev_preg2,0.1062,0.1274,-0.1434,0.3558,0.83,0.4044,,pre,1.1120297209,0.8663891426,1.4273148627
prev_preg3,0.0988,0.1501,-0.1954,0.3929,0.66,0.5104,,pre,1.1038218478,0.822529927,1.4813110521
cohort,0.0936,0.0998,-0.1021,0.2892,0.94,0.3485,,pre,1.0981123183,0.9029751181,1.3354195917
chage,0.1439,0.0179,0.1088,0.1789,8.05,<.0001,,pre,1.1547191232,1.1149734837,1.1958815819
white,-0.0901,0.1901,-0.4627,0.2824,-0.47,0.6353,,pre,0.9138050347,0.6295948608,1.3263126709
sex,-0.4776,0.0890,-0.6520,-0.3033,-5.37,<.0001,,pre,0.6202457468,0.5209996711,0.7383973691
Intercept,-6.9703,0.3567,-7.6694,-6.2711,-19.54,<.0001,,inc,0.0009394121,0.0004669035,0.0018901017
heduc1,0.4649,0.1319,0.2064,0.7234,3.53,0.0004,,inc,1.5918979239,1.2292853475,2.0614733637
heduc2,0.2105,0.1070,0.0008,0.4202,1.97,0.0491,,inc,1.2342800384,1.0008241758,1.5221926588
fincome1,0.3802,0.1834,0.0206,0.7397,2.07,0.0382,,inc,1.4625188867,1.0208238518,2.0953286802
fincome2,0.2951,0.1463,0.0084,0.5818,2.02,0.0436,,inc,1.3432351265,1.008443543,1.7891736406
fincome3,0.1359,0.1585,-0.1746,0.4465,0.86,0.3910,,inc,1.1456127994,0.8397589926,1.5628635094
region,0.2696,0.1518,-0.0279,0.5671,1.78,0.0757,1,inc,1.3094634292,0.9724884393,1.763202937
region,0.3091,0.1506,0.0140,0.6042,2.05,0.0401,2,inc,1.3622235017,1.0141405808,1.8297787345
region,0.2536,0.1759,-0.0911,0.5983,1.44,0.1492,3,inc,1.2886929122,0.9129663752,1.8190477405
region,0.0000,0.0000,0.0000,0.0000,,,4,inc,1,1,1
cohort,0.0967,0.0930,-0.0856,0.2790,1.04,0.2984,,inc,1.1015320655,0.9179988631,1.3217585991
chage,0.1433,0.0180,0.1080,0.1786,7.96,<.0001,,inc,1.1540499771,1.1140351488,1.1955020909
white,-0.1739,0.1935,-0.5530,0.2053,-0.90,0.3688,,inc,0.8404194682,0.5752035661,1.2279215989
sex,-0.4866,0.0889,-0.6608,-0.3124,-5.48,<.0001,,inc,0.6147027394,0.5164315624,0.7316738273
Intercept,-5.7389,0.3839,-6.4915,-4.9864,-14.95,<.0001,,inc,0.0032181966,0.0015163304,0.006830167
husbeduc,-0.2339,0.0665,-0.3643,-0.1035,-3.52,0.0004,,inc,0.7914511977,0.6946996315,0.9016774587
income,-0.1334,0.0536,-0.2385,-0.0283,-2.49,0.0129,,inc,0.8751082616,0.7877982278,0.9720946842
region,0.2713,0.1516,-0.0258,0.5683,1.79,0.0735,1,inc,1.3116361525,0.9745564706,1.7653049859
region,0.3125,0.1498,0.0188,0.6062,2.09,0.0370,2,inc,1.3668964482,1.0190255622,1.8335221111
region,0.2539,0.1759,-0.0908,0.5986,1.44,0.1489,3,inc,1.2890080946,0.9131814515,1.819508998
region,0.0000,0.0000,0.0000,0.0000,,,4,inc,1,1,1
cohort,0.0966,0.0927,-0.0850,0.2782,1.04,0.2972,,inc,1.1014127824,0.918491806,1.320763135
chage,0.1433,0.0180,0.1080,0.1786,7.97,<.0001,,inc,1.1540855966,1.1140989545,1.1955074177
white,-0.1720,0.1934,-0.5510,0.2069,-0.89,0.3736,,inc,0.8419562132,0.5763763604,1.229908639
sex,-0.4866,0.0889,-0.6609,-0.3124,-5.47,<.0001,,inc,0.6146895589,0.5164047824,0.7316803923
Intercept,-7.0545,0.3610,-7.7619,-6.3470,-19.54,<.0001,,soc,0.0008635269,0.0004256307,0.001751938
sesq0,0.4072,0.1517,0.1099,0.7044,2.68,0.0073,,soc,1.5025347221,1.1161660874,2.0226475402
sesq1,0.4442,0.1446,0.1608,0.7275,3.07,0.0021,,soc,1.5591952268,1.1744687305,2.069948473
sesq2,0.2552,0.1466,-0.0321,0.5424,1.74,0.0817,,soc,1.2906891593,0.9684154494,1.720210584
heduc1,0.3981,0.1362,0.1311,0.6650,2.92,0.0035,,soc,1.4889331402,1.1400870591,1.9445198314
heduc2,0.1856,0.1069,-0.0240,0.3952,1.74,0.0826,,soc,1.2039827716,0.9763089012,1.4847498701
fincome1,0.2327,0.1876,-0.1349,0.6003,1.24,0.2148,,soc,1.2619648258,0.8737684362,1.8226284628
fincome2,0.1725,0.1508,-0.1231,0.4681,1.14,0.2527,,soc,1.1882917189,0.884185273,1.5969924544
fincome3,0.0740,0.1602,-0.2400,0.3880,0.46,0.6442,,soc,1.0767900132,0.7866153434,1.4740072671
region,0.2158,0.1543,-0.0866,0.5182,1.40,0.1619,1,soc,1.2408859222,0.9170622544,1.6790549003
region,0.2002,0.1548,-0.1032,0.5036,1.29,0.1958,2,soc,1.2216733459,0.901974919,1.6546865468
region,0.1437,0.1807,-0.2105,0.4980,0.80,0.4264,3,soc,1.1545917703,0.8102023345,1.6453694333
region,0.0000,0.0000,0.0000,0.0000,,,4,soc,1,1,1
cohort,0.0963,0.0930,-0.0859,0.2786,1.04,0.3001,,soc,1.1011397909,0.9176977166,1.3212507967
chage,0.1432,0.0180,0.1079,0.1786,7.95,<.0001,,soc,1.1540079786,1.1139561468,1.1954998573
white,-0.1951,0.1941,-0.5755,0.1853,-1.01,0.3147,,soc,0.8227168156,0.5623992526,1.2035274862
sex,-0.4829,0.0888,-0.6570,-0.3088,-5.44,<.0001,,soc,0.6169782029,0.5184029064,0.734297779
Intercept,-5.8368,0.3853,-6.5920,-5.0815,-15.15,<.0001,,soc,0.0029182545,0.001371251,0.0062105401
ses_m,-0.0550,0.0185,-0.0912,-0.0187,-2.97,0.0030,,soc,0.9465216912,0.9128142612,0.9814738332
husbeduc,-0.1971,0.0682,-0.3308,-0.0633,-2.89,0.0039,,soc,0.8211277534,0.7183250935,0.9386429536
income,-0.0860,0.0554,-0.1945,0.0225,-1.55,0.1204,,soc,0.9175864779,0.8232171199,1.0227738515
region,0.2219,0.1541,-0.0801,0.5239,1.44,0.1498,1,soc,1.2484818714,0.9230537611,1.6886416035
region,0.2109,0.1547,-0.0923,0.5141,1.36,0.1728,2,soc,1.234763716,0.9118205612,1.6720849464
region,0.1442,0.1811,-0.2108,0.4991,0.80,0.4260,3,soc,1.155072972,0.8099268985,1.6473012234
region,0.0000,0.0000,0.0000,0.0000,,,4,soc,1,1,1
cohort,0.1118,0.0928,-0.0701,0.2938,1.20,0.2284,,soc,1.11831005,0.932255757,1.3414959988
chage,0.1428,0.0180,0.1075,0.1781,7.93,<.0001,,soc,1.1534987709,1.1135108513,1.1949227193
white,-0.1952,0.1940,-0.5755,0.1851,-1.01,0.3144,,soc,0.8226546,0.5624069447,1.203329008
sex,-0.4859,0.0889,-0.6601,-0.3117,-5.47,<.0001,,soc,0.6151447242,0.5167868951,0.7322225763
Intercept,-15.2295,0.4616,-16.1343,-14.3248,-32.99,<.0001,,lif,2.4316036E-7,9.8392995E-8,6.0092652E-7
chwestq1,0.1118,0.1335,-0.1499,0.3735,0.84,0.4026,,lif,1.1182565359,0.8607612759,1.4527810617
chwestq2,0.2860,0.1445,0.0028,0.5692,1.98,0.0478,,lif,1.331121451,1.0028201933,1.7669013141
chwestq3,0.4372,0.1662,0.1114,0.7630,2.63,0.0085,,lif,1.5483877997,1.1178751384,2.1446981832
chstq1,0.2011,0.1445,-0.0821,0.4843,1.39,0.1641,,lif,1.2226952777,0.9211436414,1.6229648394
chstq2,0.2982,0.1365,0.0306,0.5658,2.18,0.0290,,lif,1.3474259472,1.0310733972,1.7608413601
chstq3,0.0973,0.1364,-0.1701,0.3648,0.71,0.4755,,lif,1.1022406055,0.8436097358,1.4401616064
chpaq0,0.4174,0.1218,0.1787,0.6561,3.43,0.0006,,lif,1.5180222772,1.1956886432,1.9272505824
chpaq1,0.2168,0.1272,-0.0326,0.4662,1.70,0.0884,,lif,1.2421242744,0.967962196,1.5939390189
chpaq2,0.0853,0.1285,-0.1666,0.3371,0.66,0.5069,,lif,1.0890204531,0.8465696991,1.4009071534
chcalq1,-0.0976,0.1315,-0.3554,0.1603,-0.74,0.4583,,lif,0.9070489984,0.700902763,1.1738259981
chcalq2,-0.1671,0.1507,-0.4626,0.1283,-1.11,0.2675,,lif,0.8460801427,0.629675708,1.13685759
chcalq3,-0.2177,0.1805,-0.5714,0.1361,-1.21,0.2278,,lif,0.8044007537,0.564731337,1.1457847831
chbmibase,0.4726,0.0136,0.4460,0.4993,34.77,<.0001,,lif,1.6041939798,1.5620256039,1.6475007313
cohort,-0.4868,0.0906,-0.6645,-0.3091,-5.37,<.0001,,lif,0.6145833097,0.5145421841,0.7340751763
chage,0.0524,0.0213,0.0106,0.0942,2.45,0.0141,,lif,1.0537908479,1.0106163282,1.0988098253
white,-0.0770,0.1777,-0.4253,0.2712,-0.43,0.6647,,lif,0.9258840399,0.6536052485,1.3115886956
sex,-0.6316,0.0936,-0.8149,-0.4482,-6.75,<.0001,,lif,0.5317546712,0.4426690649,0.6387684454
Intercept,-14.1110,0.5418,-15.1729,-13.0490,-26.04,<.0001,,lif,7.4420023E-7,2.573207E-7,2.1523103E-6
chwest_m,0.2629,0.0908,0.0849,0.4408,2.89,0.0038,,lif,1.3006464595,1.0885798017,1.554025906
chst_m,0.0000,0.0032,-0.0063,0.0064,0.01,0.9913,,lif,1.0000352347,0.9937371499,1.0063732352
chpa_m,-0.0223,0.0067,-0.0353,-0.0092,-3.34,0.0008,,lif,0.9779934947,0.9653044215,0.9908493676
chcal_m,-0.0002,0.0001,-0.0004,0.0001,-1.32,0.1881,,lif,0.9998273516,0.9995703272,1.000084442
chbmibase,0.4749,0.0135,0.4484,0.5014,35.16,<.0001,,lif,1.6078264038,1.5658183192,1.6509614897
cohort,-0.5530,0.0903,-0.7300,-0.3759,-6.12,<.0001,,lif,0.575237143,0.4818872163,0.6866705725
chage,0.0514,0.0213,0.0097,0.0931,2.42,0.0156,,lif,1.0527415382,1.0097910046,1.0975189334
white,-0.0800,0.1787,-0.4302,0.2702,-0.45,0.6544,,lif,0.9231334126,0.6503751169,1.3102827512
sex,-0.6510,0.0933,-0.8339,-0.4682,-6.98,<.0001,,lif,0.5215140768,0.4343668846,0.6261456431
Intercept,-5.6961,0.5881,-6.8489,-4.5434,-9.69,<.0001,,ges,0.0033589031,0.0010606604,0.010636986
gotweight,0.5476,0.1099,0.3322,0.7630,4.98,<.0001,,ges,1.729066492,1.3940181161,2.144642813
prev_preg1,0.0216,0.1293,-0.2319,0.2750,0.17,0.8675,,ges,1.0218132658,0.7930317874,1.3165958373
prev_preg2,0.0798,0.1575,-0.2289,0.3885,0.51,0.6122,,ges,1.083116322,0.7954466034,1.4748205122
prev_preg3,0.1344,0.1908,-0.2396,0.5084,0.70,0.4811,,ges,1.1438877093,0.7869658824,1.6626884605
agebirth,-0.0145,0.0156,-0.0450,0.0161,-0.93,0.3534,,ges,0.9856337981,0.9559656272,1.0162227137
bpregob,1.1816,0.1818,0.8253,1.5378,6.50,<.0001,,ges,3.2594894144,2.2825605374,4.6545408407
chage,0.0950,0.0213,0.0533,0.1367,4.47,<.0001,,ges,1.099689179,1.05479535,1.1464937633
white,-0.0108,0.2243,-0.4505,0.4289,-0.05,0.9617,,ges,0.9892728369,0.6373242291,1.535577499
sex,-0.4315,0.1087,-0.6446,-0.2183,-3.97,<.0001,,ges,0.649560327,0.5248820478,0.8038541615
Intercept,-16.7992,0.7130,-18.1967,-15.4016,-23.56,<.0001,,joi,5.0606745E-8,1.2510148E-8,2.0471721E-7
mowestq1,-0.1431,0.1341,-0.4058,0.1196,-1.07,0.2857,,joi,0.866653898,0.6664105182,1.127066513
mowestq2,-0.1837,0.1477,-0.4732,0.1059,-1.24,0.2137,,joi,0.832190908,0.6229795048,1.1116604993
mowestq3,-0.0962,0.1634,-0.4166,0.2241,-0.59,0.5559,,joi,0.9082380686,0.6593132391,1.2511448889
mocalq1,0.1457,0.1295,-0.1082,0.3996,1.12,0.2607,,joi,1.15684821,0.8974377784,1.4912429733
mocalq2,0.0549,0.1476,-0.2345,0.3442,0.37,0.7102,,joi,1.0563901288,0.790956821,1.4108988942
mocalq3,0.0417,0.1602,-0.2723,0.3558,0.26,0.7945,,joi,1.0426185347,0.7616068869,1.4273156239
mopaq0,0.0507,0.1336,-0.2112,0.3125,0.38,0.7046,,joi,1.051967173,0.8096001008,1.3668908044
mopaq1,0.1497,0.1323,-0.1096,0.4090,1.13,0.2578,,joi,1.1614845514,0.8962201006,1.505262337
mopaq2,0.1784,0.1305,-0.0773,0.4342,1.37,0.1715,,joi,1.1953313937,0.9255740644,1.5437091375
mosmk2,0.1322,0.1005,-0.0648,0.3291,1.32,0.1884,,joi,1.1412856373,0.9372994494,1.3896657113
mosmk3,-0.1464,0.1927,-0.5240,0.2312,-0.76,0.4472,,joi,0.8637836787,0.5921337006,1.2600570492
moob,0.3529,0.1195,0.1188,0.5870,2.95,0.0031,,joi,1.4232232116,1.1261458049,1.7986696761
moshiftq1,0.3981,0.1242,0.1547,0.6414,3.21,0.0013,,joi,1.4889351914,1.1673312286,1.8991422056
moshiftq2,0.2195,0.1240,-0.0237,0.4626,1.77,0.0768,,joi,1.2454224586,0.9766259199,1.5881998099
moshiftq3,0.1761,0.1246,-0.0682,0.4204,1.41,0.1577,,joi,1.1925766396,0.934084352,1.5226023627
abwt1,0.1203,0.2622,-0.3936,0.6343,0.46,0.6463,,joi,1.127881992,0.6746242269,1.8856686983
abwt3,0.1261,0.2285,-0.3218,0.5740,0.55,0.5810,,joi,1.1344285317,0.7248700514,1.7753914526
gweek1,-0.0331,0.2012,-0.4275,0.3614,-0.16,0.8694,,joi,0.9674598064,0.6521254316,1.4352736936
gweek3,0.1227,0.1704,-0.2113,0.4567,0.72,0.4716,,joi,1.1305049995,0.8094974993,1.5788085263
Delivery,-0.0312,0.1038,-0.2346,0.1723,-0.30,0.7639,,joi,0.9693097233,0.7908905071,1.1879790329
pregcomp2,-0.0248,0.1381,-0.2955,0.2459,-0.18,0.8575,,joi,0.9755018963,0.7441431078,1.2787915923
bpregob,0.1406,0.1771,-0.2064,0.4877,0.79,0.4270,,joi,1.151014012,0.8135242467,1.6285110877
sesq0,0.2055,0.1577,-0.1037,0.5146,1.30,0.1927,,joi,1.2280854123,0.9015204841,1.6729445492
sesq1,0.3456,0.1443,0.0627,0.6285,2.39,0.0167,,joi,1.4127937776,1.0646873357,1.8747158826
sesq2,0.2461,0.1457,-0.0395,0.5317,1.69,0.0913,,joi,1.2790249082,0.961237677,1.7018732774
heduc1,0.2846,0.1371,0.0160,0.5533,2.08,0.0379,,joi,1.3292694367,1.0160928196,1.7389722684
heduc2,0.1693,0.1067,-0.0398,0.3785,1.59,0.1126,,joi,1.1845226682,0.9609400853,1.4601263627
fincome1,-0.0159,0.1817,-0.3721,0.3402,-0.09,0.9302,,joi,0.9842036626,0.6893151197,1.4052453253
fincome2,0.0210,0.1487,-0.2703,0.3124,0.14,0.8876,,joi,1.02124333,0.7631186014,1.3666787013
fincome3,-0.0256,0.1550,-0.3294,0.2782,-0.17,0.8688,,joi,0.9747230881,0.719323598,1.3208034618
chwestq1,0.0815,0.1367,-0.1865,0.3495,0.60,0.5510,,joi,1.0849383789,0.8298727863,1.4183996698
chwestq2,0.2416,0.1524,-0.0572,0.5403,1.58,0.1130,,joi,1.2732377336,0.9444153013,1.7165481374
chwestq3,0.3628,0.1750,0.0199,0.7058,2.07,0.0381,,joi,1.4374064854,1.0200595842,2.0255065845
chstq1,0.1657,0.1442,-0.1169,0.4482,1.15,0.2504,,joi,1.180184314,0.8897054896,1.5655012039
chstq2,0.2792,0.1368,0.0111,0.5472,2.04,0.0412,,joi,1.3220161164,1.0111609414,1.7284356432
chstq3,0.0694,0.1369,-0.1990,0.3378,0.51,0.6124,,joi,1.0718508357,0.819533619,1.4018512326
chpaq0,0.4125,0.1271,0.1634,0.6615,3.25,0.0012,,joi,1.5105601134,1.1775294402,1.9377790299
chpaq1,0.2121,0.1300,-0.0427,0.4669,1.63,0.1027,,joi,1.2362759631,0.958241129,1.5949829439
chpaq2,0.0946,0.1292,-0.1586,0.3477,0.73,0.4639,,joi,1.0992179544,0.8533790701,1.4158773674
chcalq1,-0.0809,0.1338,-0.3432,0.1814,-0.60,0.5455,,joi,0.92228492,0.7094936469,1.1988965332
chcalq2,-0.1047,0.1562,-0.4109,0.2015,-0.67,0.5028,,joi,0.9005987885,0.6630416053,1.2232689041
chcalq3,-0.1182,0.1851,-0.4811,0.2446,-0.64,0.5230,,joi,0.8884770653,0.6180985817,1.2771287929
prev_preg1,0.1164,0.1094,-0.0980,0.3308,1.06,0.2873,,joi,1.1234238658,0.9066588021,1.3920133785
prev_preg2,0.1477,0.1316,-0.1102,0.4055,1.12,0.2617,,joi,1.1591180723,0.8956440573,1.500098945
prev_preg3,0.1842,0.1527,-0.1151,0.4834,1.21,0.2277,,joi,1.2022426579,0.8913041964,1.6216544412
region,0.0621,0.1470,-0.2259,0.3502,0.42,0.6724,1,joi,1.0641060604,0.7977905255,1.4193220797
region,0.1376,0.1509,-0.1581,0.4332,0.91,0.3618,2,joi,1.1474734624,0.8537507636,1.5422479289
region,0.0333,0.1800,-0.3195,0.3861,0.19,0.8531,3,joi,1.0338805933,0.7265450153,1.4712220974
region,0.0000,0.0000,0.0000,0.0000,,,4,joi,1,1,1
moage,0.0280,0.0141,0.0004,0.0556,1.99,0.0465,,joi,1.028405962,1.0004379235,1.0571558692
cohort,-0.6123,0.1006,-0.8095,-0.4150,-6.08,<.0001,,joi,0.5421278125,0.4450886139,0.6603237105
chage,0.0325,0.0241,-0.0146,0.0797,1.35,0.1763,,joi,1.0330560798,0.9854869068,1.0829214032
white,-0.1392,0.1805,-0.4931,0.2146,-0.77,0.4406,,joi,0.8700228569,0.6107407077,1.2393799236
sex,-0.6212,0.0943,-0.8060,-0.4363,-6.59,<.0001,,joi,0.5373254602,0.4466618832,0.6463919599
chbmibase,0.4655,0.0144,0.4372,0.4937,32.31,<.0001,,joi,1.5927370671,1.5483950304,1.6383489452
Intercept,-15.0182,0.7746,-16.5364,-13.4999,-19.39,<.0001,,joi,3.0039369E-7,6.5814787E-8,1.3710653E-6
mowest_m,-0.0325,0.0855,-0.2000,0.1350,-0.38,0.7039,,joi,0.9680415458,0.8187354609,1.1445753594
mocal_m,0.0000,0.0001,-0.0002,0.0003,0.12,0.9044,,joi,1.0000151276,0.9997683028,1.0002620133
mopa_m,-0.0017,0.0036,-0.0088,0.0054,-0.48,0.6345,,joi,0.998277891,0.9912098587,1.0053963234
mosmk2,0.1329,0.1000,-0.0632,0.3290,1.33,0.1840,,joi,1.1421373657,0.9387897559,1.3895313131
mosmk3,-0.1484,0.1903,-0.5213,0.2245,-0.78,0.4354,,joi,0.862091125,0.5937550751,1.2516964301
moob,0.3322,0.1189,0.0991,0.5653,2.79,0.0052,,joi,1.3940492371,1.104215869,1.7599577491
moshift_m,0.0032,0.0074,-0.0113,0.0176,0.43,0.6671,,joi,1.0031752652,0.9887887092,1.0177711409
abwt1,0.1836,0.2585,-0.3230,0.6903,0.71,0.4774,,joi,1.2015786074,0.7239872899,1.9942216802
abwt3,0.1085,0.2205,-0.3236,0.5406,0.49,0.6226,,joi,1.1146073295,0.7235542708,1.7170094201
gweek1,-0.0675,0.2016,-0.4626,0.3276,-0.33,0.7377,,joi,0.9347182455,0.629624322,1.3876500128
gweek3,0.1266,0.1724,-0.2113,0.4645,0.73,0.4628,,joi,1.1349700856,0.809512959,1.5912742111
Delivery,-0.0414,0.1034,-0.2440,0.1613,-0.40,0.6892,,joi,0.9594926158,0.7835121893,1.1749990522
pregcomp2,0.0002,0.1383,-0.2709,0.2713,0.00,0.9987,,joi,1.0002242902,0.7627217682,1.3116822838
bpregob,0.1485,0.1734,-0.1913,0.4884,0.86,0.3917,,joi,1.1601217622,0.8258796031,1.6296352373
ses_m,-0.0241,0.0191,-0.0616,0.0134,-1.26,0.2070,,joi,0.9761461937,0.9402213005,1.0134437403
husbeduc,-0.1381,0.0670,-0.2694,-0.0068,-2.06,0.0392,,joi,0.8710032779,0.7638378816,0.9932038308
income,-0.0092,0.0544,-0.1158,0.0974,-0.17,0.8660,,joi,0.9908659282,0.8906951966,1.1023022146
chwest_m,0.2095,0.0944,0.0245,0.3946,2.22,0.0265,,joi,1.2330777684,1.0247579744,1.4837462318
chst_m,0.0001,0.0033,-0.0063,0.0065,0.02,0.9818,,joi,1.0000743167,0.993705885,1.0064835623
chpa_m,-0.0220,0.0069,-0.0354,-0.0086,-3.21,0.0013,,joi,0.9782362356,0.9651844391,0.9914645262
chcal_m,-0.0001,0.0001,-0.0004,0.0002,-0.67,0.5047,,joi,0.9999103122,0.9996468838,1.0001738101
prev_preg1,0.1103,0.1083,-0.1020,0.3227,1.02,0.3084,,joi,1.1166494246,0.903038743,1.3807889717
prev_preg2,0.1515,0.1294,-0.1021,0.4052,1.17,0.2417,,joi,1.1636136128,0.9029034463,1.4996029149
prev_preg3,0.1966,0.1526,-0.1026,0.4957,1.29,0.1978,,joi,1.2172007882,0.9024831349,1.6416680838
region,0.0741,0.1472,-0.2144,0.3625,0.50,0.6148,1,joi,1.0768841243,0.8070229097,1.4369845058
region,0.1454,0.1517,-0.1519,0.4428,0.96,0.3378,2,joi,1.1565270456,0.8590662801,1.5569867403
region,0.0334,0.1813,-0.3219,0.3886,0.18,0.8539,3,joi,1.0339335659,0.724777306,1.4749614949
region,0.0000,0.0000,0.0000,0.0000,,,4,joi,1,1,1
moage,0.0275,0.0140,0.0001,0.0549,1.97,0.0492,,joi,1.0278731061,1.0000998331,1.0564176567
cohort,-0.6451,0.1015,-0.8442,-0.4461,-6.35,<.0001,,joi,0.52459597,0.4299180784,0.6401241203
chage,0.0367,0.0240,-0.0104,0.0837,1.53,0.1270,,joi,1.037339708,0.9896242124,1.0873558432
white,-0.1233,0.1793,-0.4747,0.2280,-0.69,0.4914,,joi,0.8839679017,0.6220972662,1.2560724726
sex,-0.6439,0.0945,-0.8292,-0.4587,-6.81,<.0001,,joi,0.5252175345,0.4363951002,0.6321185973
chbmibase,0.4658,0.0143,0.4378,0.4938,32.60,<.0001,,joi,1.5933324806,1.5493297482,1.6385849409
