analysis,Parm,mod,group,RR,UCI,LCI,Probt,exposure,cases,total
unadjusted,chchwestq1,ch,life,1.003,1.616,0.623,0.99,Western Diet Q2 vs. Q1,180,2231
unadjusted,chchwestq2,ch,life,0.996,2.109,0.47,0.991,Western Diet Q3 vs. Q1,180,2231
unadjusted,chchwestq3,ch,life,1.156,2.233,0.598,0.658,Western Diet Q4 vs. Q1,180,2231
unadjusted,chchstq1,ch,life,0.823,1.27,0.534,0.377,Sedentary time Q2 vs. Q1,180,2231
unadjusted,chchstq2,ch,life,1.009,1.779,0.572,0.973,Sedentary time Q3 vs. Q1,180,2231
unadjusted,chchstq3,ch,life,1.12,1.801,0.696,0.629,Sedentary time Q4 vs. Q1,180,2231
unadjusted,chchpaq0,ch,life,1.182,1.995,0.701,0.512,Physical activity Q1 vs. Q4,180,2231
unadjusted,chchpaq1,ch,life,1.101,1.796,0.675,0.689,Physical activity Q2 vs. Q4,180,2231
unadjusted,chchpaq2,ch,life,0.94,1.768,0.5,0.837,Physical activity Q3 vs. Q4,180,2231
unadjusted,chwestv_chm,ch,life,1.067,1.49,0.765,0.694,Western Diet (trend),180,2231
unadjusted,chstv_chm,ch,life,1.005,1.017,0.994,0.354,Sedentary time (trend),180,2231
unadjusted,chpav_chm,ch,life,0.99,1.015,0.967,0.419,Physical activity (trend),180,2231
unadjusted,adolchwestq1,adol,life,1.348,2.28,0.797,0.251,Western Diet Q2 vs. Q1,180,2231
unadjusted,adolchwestq2,adol,life,1.181,2.008,0.695,0.53,Western Diet Q3 vs. Q1,180,2231
unadjusted,adolchwestq3,adol,life,1.393,2.34,0.83,0.205,Western Diet Q4 vs. Q1,180,2231
unadjusted,adolchstq1,adol,life,1.043,1.913,0.569,0.887,Sedentary time Q2 vs. Q1,180,2231
unadjusted,adolchstq2,adol,life,1.534,2.501,0.941,0.084,Sedentary time Q3 vs. Q1,180,2231
unadjusted,adolchstq3,adol,life,1.857,2.931,1.176,0.009,Sedentary time Q4 vs. Q1,180,2231
unadjusted,adolchpaq0,adol,life,0.884,1.836,0.426,0.71,Physical activity Q1 vs. Q4,180,2231
unadjusted,adolchpaq1,adol,life,0.691,1.234,0.387,0.201,Physical activity Q2 vs. Q4,180,2231
unadjusted,adolchpaq2,adol,life,0.87,1.789,0.423,0.676,Physical activity Q3 vs. Q4,180,2231
unadjusted,chwestv_adolm,adol,life,1.154,1.543,0.863,0.325,Western Diet (trend),180,2231
unadjusted,chstv_adolm,adol,life,1.019,1.029,1.009,0,Sedentary time (trend),180,2231
unadjusted,chpav_adolm,adol,life,1.007,1.04,0.975,0.648,Physical activity (trend),180,2231
adjusted,chchwestq1,ch,life,1.003,1.616,0.623,0.99,Western Diet Q2 vs. Q1,180,2231
adjusted,chchwestq2,ch,life,0.996,2.109,0.47,0.991,Western Diet Q3 vs. Q1,180,2231
adjusted,chchwestq3,ch,life,1.156,2.233,0.598,0.658,Western Diet Q4 vs. Q1,180,2231
adjusted,chchstq1,ch,life,0.823,1.27,0.534,0.377,Sedentary time Q2 vs. Q1,180,2231
adjusted,chchstq2,ch,life,1.009,1.779,0.572,0.973,Sedentary time Q3 vs. Q1,180,2231
adjusted,chchstq3,ch,life,1.12,1.801,0.696,0.629,Sedentary time Q4 vs. Q1,180,2231
adjusted,chchpaq0,ch,life,1.182,1.995,0.701,0.512,Physical activity Q1 vs. Q4,180,2231
adjusted,chchpaq1,ch,life,1.101,1.796,0.675,0.689,Physical activity Q2 vs. Q4,180,2231
adjusted,chchpaq2,ch,life,0.94,1.768,0.5,0.837,Physical activity Q3 vs. Q4,180,2231
adjusted,chwestv_chm,ch,life,1.067,1.49,0.765,0.694,Western Diet (trend),180,2231
adjusted,chstv_chm,ch,life,1.005,1.017,0.994,0.354,Sedentary time (trend),180,2231
adjusted,chpav_chm,ch,life,0.99,1.015,0.967,0.419,Physical activity (trend),180,2231
adjusted,adolchwestq1,adol,life,1.354,2.33,0.786,0.257,Western Diet Q2 vs. Q1,180,2231
adjusted,adolchwestq2,adol,life,1.172,2.014,0.682,0.554,Western Diet Q3 vs. Q1,180,2231
adjusted,adolchwestq3,adol,life,1.373,2.258,0.835,0.208,Western Diet Q4 vs. Q1,180,2231
adjusted,adolchstq1,adol,life,1.02,1.857,0.561,0.945,Sedentary time Q2 vs. Q1,180,2231
adjusted,adolchstq2,adol,life,1.495,2.461,0.908,0.11,Sedentary time Q3 vs. Q1,180,2231
adjusted,adolchstq3,adol,life,1.768,2.825,1.107,0.018,Sedentary time Q4 vs. Q1,180,2231
adjusted,adolchpaq0,adol,life,0.89,1.734,0.456,0.712,Physical activity Q1 vs. Q4,180,2231
adjusted,adolchpaq1,adol,life,0.687,1.216,0.389,0.19,Physical activity Q2 vs. Q4,180,2231
adjusted,adolchpaq2,adol,life,0.854,1.729,0.421,0.631,Physical activity Q3 vs. Q4,180,2231
adjusted,chwestv_adolm,adol,life,1.139,1.502,0.864,0.347,Western Diet (trend),180,2231
adjusted,chstv_adolm,adol,life,1.018,1.029,1.007,0.001,Sedentary time (trend),180,2231
adjusted,chpav_adolm,adol,life,1.006,1.038,0.976,0.672,Physical activity (trend),180,2231
unadjusted,pregmowestq1,preg,mom,1.191,2.273,0.624,0.594,Maternal Western Diet Q2 vs. Q1,125,2018
unadjusted,pregmowestq2,preg,mom,1.283,2.529,0.651,0.47,Maternal Western Diet Q3 vs. Q1,125,2018
unadjusted,pregmowestq3,preg,mom,1.034,2.69,0.397,0.944,Maternal Western Diet Q4 vs. Q1,125,2018
unadjusted,pregmopaq0,preg,mom,1.727,3.297,0.905,0.095,Maternal physical activity Q1 vs. Q4,125,2018
unadjusted,pregmopaq1,preg,mom,1.398,2.875,0.68,0.351,Maternal physical activity Q2 vs. Q4,125,2018
unadjusted,pregmopaq2,preg,mom,1.2,2.325,0.62,0.582,Maternal physical activity Q3 vs. Q4,125,2018
unadjusted,mosmkv_preg,preg,mom,1.134,2.156,0.597,0.678,Maternal smoking Ever vs. Never,125,2018
unadjusted,moshiftb_preg,preg,mom,1.298,2.135,0.79,0.294,Maternal Shiftwork Some vs. None,125,2018
unadjusted,earlychmowestq1,earlych,mom,1.187,2.228,0.633,0.59,Maternal Western Diet Q2 vs. Q1,125,2018
unadjusted,earlychmowestq2,earlych,mom,1.329,2.637,0.67,0.416,Maternal Western Diet Q3 vs. Q1,125,2018
unadjusted,earlychmowestq3,earlych,mom,1.466,3.676,0.584,0.407,Maternal Western Diet Q4 vs. Q1,125,2018
unadjusted,earlychmopaq0,earlych,mom,1.454,2.696,0.784,0.231,Maternal physical activity Q1 vs. Q4,125,2018
unadjusted,earlychmopaq1,earlych,mom,1.338,2.419,0.74,0.331,Maternal physical activity Q2 vs. Q4,125,2018
unadjusted,earlychmopaq2,earlych,mom,1.102,2.015,0.603,0.749,Maternal physical activity Q3 vs. Q4,125,2018
unadjusted,mosmkv_earlych,earlych,mom,1.099,2.097,0.576,0.756,Maternal smoking Ever vs. Never,125,2018
unadjusted,moshiftb_earlych,earlych,mom,1.423,2.1,0.964,0.076,Maternal Shiftwork Some vs. None,125,2018
unadjusted,chmowestq1,ch,mom,1.545,2.834,0.842,0.16,Maternal Western Diet Q2 vs. Q1,125,2018
unadjusted,chmowestq2,ch,mom,1.26,2.833,0.56,0.572,Maternal Western Diet Q3 vs. Q1,125,2018
unadjusted,chmowestq3,ch,mom,1.84,4.426,0.765,0.171,Maternal Western Diet Q4 vs. Q1,125,2018
unadjusted,chmopaq0,ch,mom,1.437,2.753,0.75,0.268,Maternal physical activity Q1 vs. Q4,125,2018
unadjusted,chmopaq1,ch,mom,1.668,3.586,0.776,0.177,Maternal physical activity Q2 vs. Q4,125,2018
unadjusted,chmopaq2,ch,mom,1.238,2.641,0.58,0.566,Maternal physical activity Q3 vs. Q4,125,2018
unadjusted,mosmkv_ch,ch,mom,1.146,2.076,0.632,0.633,Maternal smoking Ever vs. Never,125,2018
unadjusted,moshiftb_ch,ch,mom,1.356,2.034,0.905,0.14,Maternal Shiftwork Some vs. None,125,2018
unadjusted,adolmowestq1,adol,mom,1.111,2.069,0.597,0.737,Maternal Western Diet Q2 vs. Q1,125,2018
unadjusted,adolmowestq2,adol,mom,1.161,2.691,0.5,0.716,Maternal Western Diet Q3 vs. Q1,125,2018
unadjusted,adolmowestq3,adol,mom,1.073,2.471,0.466,0.866,Maternal Western Diet Q4 vs. Q1,125,2018
unadjusted,adolmopaq0,adol,mom,1.797,3.721,0.868,0.111,Maternal physical activity Q1 vs. Q4,125,2018
unadjusted,adolmopaq1,adol,mom,1.758,3.041,1.017,0.043,Maternal physical activity Q2 vs. Q4,125,2018
unadjusted,adolmopaq2,adol,mom,1.21,2.254,0.649,0.546,Maternal physical activity Q3 vs. Q4,125,2018
unadjusted,mosmkv_adol,adol,mom,1.151,2.05,0.646,0.613,Maternal smoking Ever vs. Never,125,2018
unadjusted,moshiftb_adol,adol,mom,1.136,1.925,0.67,0.63,Maternal Shiftwork Some vs. None,125,2018
unadjusted,mowestv_pregm,preg,mom,0.993,1.512,0.652,0.973,Maternal Western Diet (trend),125,2018
unadjusted,mopav_pregm,preg,mom,0.988,1.004,0.972,0.137,Maternal  physical activity (trend),125,2018
unadjusted,mowestv_earlychm,earlych,mom,1.19,1.823,0.777,0.413,Maternal Western Diet (trend),125,2018
unadjusted,mopav_earlychm,earlych,mom,0.99,1.007,0.974,0.23,Maternal  physical activity (trend),125,2018
unadjusted,mowestv_chm,ch,mom,1.267,1.94,0.827,0.269,Maternal Western Diet (trend),125,2018
unadjusted,mopav_chm,ch,mom,0.987,1.005,0.97,0.156,Maternal  physical activity (trend),125,2018
unadjusted,mowestv_adolm,adol,mom,1.02,1.528,0.681,0.921,Maternal Western Diet (trend),125,2018
unadjusted,mopav_adolm,adol,mom,0.985,1,0.97,0.05,Maternal  physical activity (trend),125,2018
adjusted,pregmowestq1,preg,mom,1.191,2.273,0.624,0.594,Maternal Western Diet Q2 vs. Q1,125,2018
adjusted,pregmowestq2,preg,mom,1.283,2.529,0.651,0.47,Maternal Western Diet Q3 vs. Q1,125,2018
adjusted,pregmowestq3,preg,mom,1.034,2.69,0.397,0.944,Maternal Western Diet Q4 vs. Q1,125,2018
adjusted,pregmopaq0,preg,mom,1.727,3.297,0.905,0.095,Maternal physical activity Q1 vs. Q4,125,2018
adjusted,pregmopaq1,preg,mom,1.398,2.875,0.68,0.351,Maternal physical activity Q2 vs. Q4,125,2018
adjusted,pregmopaq2,preg,mom,1.2,2.325,0.62,0.582,Maternal physical activity Q3 vs. Q4,125,2018
adjusted,mosmkv_preg,preg,mom,1.134,2.156,0.597,0.678,Maternal smoking Ever vs. Never,125,2018
adjusted,moshiftb_preg,preg,mom,1.298,2.135,0.79,0.294,Maternal Shiftwork Some vs. None,125,2018
adjusted,earlychmowestq1,earlych,mom,1.098,2.223,0.543,0.791,Maternal Western Diet Q2 vs. Q1,125,2018
adjusted,earlychmowestq2,earlych,mom,1.151,2.435,0.544,0.712,Maternal Western Diet Q3 vs. Q1,125,2018
adjusted,earlychmowestq3,earlych,mom,1.146,3.42,0.384,0.805,Maternal Western Diet Q4 vs. Q1,125,2018
adjusted,earlychmopaq0,earlych,mom,1.722,3.305,0.897,0.102,Maternal physical activity Q1 vs. Q4,125,2018
adjusted,earlychmopaq1,earlych,mom,1.586,2.941,0.855,0.143,Maternal physical activity Q2 vs. Q4,125,2018
adjusted,earlychmopaq2,earlych,mom,1.243,2.387,0.647,0.509,Maternal physical activity Q3 vs. Q4,125,2018
adjusted,mosmkv_earlych,earlych,mom,1.1,2.092,0.578,0.754,Maternal smoking Ever vs. Never,125,2018
adjusted,moshiftb_earlych,earlych,mom,1.375,2.125,0.89,0.151,Maternal Shiftwork Some vs. None,125,2018
adjusted,chmowestq1,ch,mom,1.374,2.569,0.734,0.32,Maternal Western Diet Q2 vs. Q1,125,2018
adjusted,chmowestq2,ch,mom,1.004,2.279,0.442,0.992,Maternal Western Diet Q3 vs. Q1,125,2018
adjusted,chmowestq3,ch,mom,1.223,3.416,0.438,0.7,Maternal Western Diet Q4 vs. Q1,125,2018
adjusted,chmopaq0,ch,mom,1.426,2.707,0.751,0.274,Maternal physical activity Q1 vs. Q4,125,2018
adjusted,chmopaq1,ch,mom,1.692,3.688,0.776,0.173,Maternal physical activity Q2 vs. Q4,125,2018
adjusted,chmopaq2,ch,mom,1.26,2.624,0.605,0.523,Maternal physical activity Q3 vs. Q4,125,2018
adjusted,mosmkv_ch,ch,mom,1.149,2.072,0.637,0.624,Maternal smoking Ever vs. Never,125,2018
adjusted,moshiftb_ch,ch,mom,1.206,1.906,0.763,0.421,Maternal Shiftwork Some vs. None,125,2018
adjusted,adolmowestq1,adol,mom,1.028,1.951,0.541,0.933,Maternal Western Diet Q2 vs. Q1,125,2018
adjusted,adolmowestq2,adol,mom,1.002,2.355,0.427,0.995,Maternal Western Diet Q3 vs. Q1,125,2018
adjusted,adolmowestq3,adol,mom,0.845,2.087,0.342,0.71,Maternal Western Diet Q4 vs. Q1,125,2018
adjusted,adolmopaq0,adol,mom,1.434,3.717,0.553,0.442,Maternal physical activity Q1 vs. Q4,125,2018
adjusted,adolmopaq1,adol,mom,1.504,2.885,0.785,0.218,Maternal physical activity Q2 vs. Q4,125,2018
adjusted,adolmopaq2,adol,mom,1.065,2.072,0.548,0.851,Maternal physical activity Q3 vs. Q4,125,2018
adjusted,mosmkv_adol,adol,mom,1.125,2.044,0.62,0.679,Maternal smoking Ever vs. Never,125,2018
adjusted,moshiftb_adol,adol,mom,0.973,1.808,0.524,0.929,Maternal Shiftwork Some vs. None,125,2018
adjusted,mowestv_pregm,preg,mom,0.993,1.512,0.652,0.973,Maternal Western Diet (trend),125,2018
adjusted,mopav_pregm,preg,mom,0.988,1.004,0.972,0.137,Maternal  physical activity (trend),125,2018
adjusted,mowestv_earlychm,earlych,mom,1.062,1.734,0.651,0.808,Maternal Western Diet (trend),125,2018
adjusted,mopav_earlychm,earlych,mom,0.985,1.002,0.968,0.089,Maternal  physical activity (trend),125,2018
adjusted,mowestv_chm,ch,mom,1.047,1.711,0.641,0.852,Maternal Western Diet (trend),125,2018
adjusted,mopav_chm,ch,mom,0.988,1.005,0.97,0.169,Maternal  physical activity (trend),125,2018
adjusted,mowestv_adolm,adol,mom,0.902,1.401,0.58,0.638,Maternal Western Diet (trend),125,2018
adjusted,mopav_adolm,adol,mom,0.99,1.01,0.97,0.305,Maternal  physical activity (trend),125,2018
unadjusted,moob_preg,preg,mom,2.14,3.97,1.16,0.02,Maternal Obesity,125,2018
unadjusted,moob_earlych,earlych,mom,2.78,5.16,1.49,0,Maternal Obesity,125,2018
unadjusted,moob_ch,ch,mom,2.75,5.1,1.49,0,Maternal Obesity,125,2018
unadjusted,moob_adol,adol,mom,2.88,4.29,1.93,0,Maternal Obesity,125,2018
adjusted,moob_preg,preg,mom,2.14,3.97,1.16,0.02,Maternal Obesity,125,2018
adjusted,moob_earlych,earlych,mom,3.13,7.7,1.27,0.02,Maternal Obesity,125,2018
adjusted,moob_ch,ch,mom,2.43,5.2,1.14,0.02,Maternal Obesity,125,2018
adjusted,moob_adol,adol,mom,2.07,4.23,1.02,0.04,Maternal Obesity,125,2018
unadjusted,pregsesq0,preg,socio,1.26,2.093,0.758,0.369,nSES Q1 vs. Q4,175,3705
unadjusted,pregsesq1,preg,socio,1.251,2.075,0.755,0.381,nSES Q2 vs. Q4,175,3705
unadjusted,pregsesq2,preg,socio,1.057,2.03,0.55,0.862,nSES Q3 vs. Q4,175,3705
unadjusted,earlychsesq0,earlych,socio,1.529,2.624,0.891,0.121,nSES Q1 vs. Q4,175,3705
unadjusted,earlychsesq1,earlych,socio,1.447,2.483,0.843,0.176,nSES Q2 vs. Q4,175,3705
unadjusted,earlychsesq2,earlych,socio,1.359,2.298,0.804,0.249,nSES Q3 vs. Q4,175,3705
unadjusted,chsesq0,ch,socio,1.326,2.113,0.832,0.235,nSES Q1 vs. Q4,175,3705
unadjusted,chsesq1,ch,socio,1.057,1.932,0.578,0.851,nSES Q2 vs. Q4,175,3705
unadjusted,chsesq2,ch,socio,0.93,1.513,0.571,0.769,nSES Q3 vs. Q4,175,3705
unadjusted,adolsesq0,adol,socio,1.702,2.825,1.025,0.04,nSES Q1 vs. Q4,175,3705
unadjusted,adolsesq1,adol,socio,1.317,2.468,0.703,0.374,nSES Q2 vs. Q4,175,3705
unadjusted,adolsesq2,adol,socio,1.122,1.847,0.681,0.651,nSES Q3 vs. Q4,175,3705
unadjusted,sesv_pregm,preg,socio,0.968,1.029,0.911,0.29,nSES (trend),175,3705
unadjusted,sesv_earlychm,earlych,socio,0.948,1.011,0.888,0.103,nSES (trend),175,3705
unadjusted,sesv_chm,ch,socio,0.962,1.021,0.907,0.203,nSES (trend),175,3705
unadjusted,sesv_adolm,adol,socio,0.936,0.996,0.879,0.036,nSES (trend),175,3705
adjusted,pregsesq0,preg,socio,1.26,2.093,0.758,0.369,nSES Q1 vs. Q4,175,3705
adjusted,pregsesq1,preg,socio,1.251,2.075,0.755,0.381,nSES Q2 vs. Q4,175,3705
adjusted,pregsesq2,preg,socio,1.057,2.03,0.55,0.862,nSES Q3 vs. Q4,175,3705
adjusted,earlychsesq0,earlych,socio,1.336,2.692,0.663,0.415,nSES Q1 vs. Q4,175,3705
adjusted,earlychsesq1,earlych,socio,1.315,2.361,0.733,0.358,nSES Q2 vs. Q4,175,3705
adjusted,earlychsesq2,earlych,socio,1.276,2.238,0.727,0.393,nSES Q3 vs. Q4,175,3705
adjusted,chsesq0,ch,socio,1.11,2.06,0.599,0.739,nSES Q1 vs. Q4,175,3705
adjusted,chsesq1,ch,socio,0.941,1.852,0.478,0.856,nSES Q2 vs. Q4,175,3705
adjusted,chsesq2,ch,socio,0.863,1.487,0.501,0.593,nSES Q3 vs. Q4,175,3705
adjusted,adolsesq0,adol,socio,1.458,4.447,0.478,0.489,nSES Q1 vs. Q4,175,3705
adjusted,adolsesq1,adol,socio,1.188,3.656,0.386,0.741,nSES Q2 vs. Q4,175,3705
adjusted,adolsesq2,adol,socio,1.051,2.037,0.542,0.882,nSES Q3 vs. Q4,175,3705
adjusted,sesv_pregm,preg,socio,0.968,1.029,0.911,0.29,nSES (trend),175,3705
adjusted,sesv_earlychm,earlych,socio,0.965,1.051,0.886,0.41,nSES (trend),175,3705
adjusted,sesv_chm,ch,socio,0.984,1.063,0.91,0.673,nSES (trend),175,3705
adjusted,sesv_adolm,adol,socio,0.953,1.099,0.827,0.486,nSES (trend),175,3705
