Exposures,RR,RRLCI,RRUCI,P,Ptrend,PAR,LCI,UCI,Cat,,,Label,PAR,LCI,UCI,category,
Western diet score Q2 vs. Q1,1.1,0.93,1.3,0.275,0.0001,2.1,-1.7,5.9,Personal,,,Western diet,17,7.5,26.4,Personal,
Western diet score Q3 vs. Q1,1.29,1.07,1.55,0.008,,5.5,1.6,9.4,Personal,,,Sedentary time,15.6,2,29.3,Personal,
Western diet score Q4 vs. Q1,1.54,1.26,1.89,0.0001,,9.3,5.3,13.4,Personal,,,Physical activity time,9.5,0.1,18.9,Personal,
Sedentary time Q2 vs. Q1,1.22,0.98,1.52,0.08,0.089,3.9,-0.4,8.2,Personal,,,Personal modifiable risk factors,36.7,23.5,50,Personal,
Sedentary time Q3 vs. Q1,1.24,0.99,1.56,0.057,,5.6,-0.002,11.2,Personal,,,Paternal education,15,7.1,23,Social,
Sedentary time Q4 vs. Q1,1.22,1.01,1.49,0.044,,6.1,0.5,11.7,Personal,,,Household income,14.4,-1.4,30.1,Social,
"Physical activity time Q1 vs, Q4",1.32,1.13,1.55,0.001,0.002,7.1,3.2,11,Personal,,,Neighborhood SES score,23.6,13.7,33.5,Social,
Physical activity time Q2 vs. Q4,1.09,0.92,1.28,0.323,,1.9,-1.9,5.6,Personal,,,Social risk factors,37.7,24.5,50.9,Social,
Physical activity time Q3 vs. Q4,1.02,0.85,1.23,0.816,,0.6,-3.4,4.6,Personal,,,Maternal obesity,19.5,16.3,22.9,Maternal,
Paternal education high school and below vs. graduate school,1.46,1.24,1.73,0.0001,0.0001,6.9,3.8,10,Socioeconomic,,,Maternal Western diet,15.1,3.8,26.4,Maternal,
Paternal education college vs. graduate school,1.19,1.04,1.36,0.011,,8.1,2,14.2,Socioeconomic,,,Maternal physical activity,19.7,10.3,29,Maternal,
Household income <50 k vs. >=150 k,1.32,1.06,1.64,0.012,0.005,3.6,0.9,6.4,Socioeconomic,,,Maternal smoking,6.3,2.2,10.3,Maternal,
Household income 50-99 k vs. >=150 k,1.22,0.96,1.56,0.096,,9.1,-1.3,19.6,Socioeconomic,,,Maternal night shift,12.4,4.3,20.5,Maternal,
Household income 100-149 k vs. >=150 k,1.08,0.86,1.34,0.508,,1.6,-3.1,6.3,Socioeconomic,,,Maternal modifiable risk factors,44.4,33.4,55.5,Maternal,
Neighborhood SES index Q1 vs. Q4,1.56,1.29,1.89,0.0001,0.0001,11.4,6.6,16.1,Socioeconomic,,,Maternal pre-pregnancy obesity,7.9,6.1,9.8,Intrauterine,
Neighborhood SES index Q2 vs. Q4,1.4,1.16,1.68,0.0004,,7.9,3.6,12.1,Socioeconomic,,,Birth weight,2,0.1,3.8,Intrauterine,
Neighborhood SES index Q3 vs. Q4,1.23,1.03,1.48,0.026,,4.4,0.6,8.2,Socioeconomic,,,Gestational week,1.9,-0.7,4.6,Intrauterine,
Maternal obserivy vs. no obesity,3.17,2.73,3.69,0.0001,0.0001,19.6,16.3,22.9,Maternal,,,Born by cesarean section,4.7,1.1,8.3,Intrauterine,
Maternal Western diet score Q2 vs. Q1,1.08,0.9,1.31,0.386,0.0004,1.8,-2.3,6,Maternal,,,Maternal pregnancy complication,3.3,1,5.5,Intrauterine,
Maternal Western diet score Q3 vs. Q1,1.17,0.95,1.42,0.133,,3.5,-1,8,Maternal,,,Maternal excess gestational weight gain,18.4,12.4,24.3,Intrauterine,
Maternal Western diet score Q4 vs. Q1,1.48,1.2,1.84,0.0004,,9.8,5,14.6,Maternal,,,Intrauterine risk factors,17.4,13.7,21.1,Intrauterine,
Maternal physical activity Q1 vs. Q4,1.43,1.21,1.69,0.0001,0.0001,8.7,4.8,12.5,Maternal,,,All risk factors,63.7,50.8,76.6,All,
Maternal physical activity Q2 vs. Q4,1.33,1.12,1.58,0.001,,6.7,2.8,10.6,Maternal,,,,,,,,
Maternal physical activity Q3 vs. Q4,1.21,1.02,1.45,0.029,,4.3,0.5,8.1,Maternal,,,,,,,,
Maternal past smokers vs. never,1.17,1.03,1.34,0.017,,3.8,0.6,7,Maternal,,,,,,,,
Maternal current smokers vs. never,1.44,1.14,1.81,0.003,,2.5,0.6,4.3,Maternal,,,Pie Chart,PAR,LCI,UCI,%,
Maternal night shift hours Q2 vs. Q1,1.19,1.02,1.4,0.029,0.043,3.8,0.4,7.2,Maternal,,,mom,24.6,9.4,39.9,17.8476082,24.6/87.8*63.7
Maternal night shift hours Q3 vs. Q1,1.19,1.01,1.4,0.042,,3.9,0.1,7.7,Maternal,,,uter,6.6,1.8,11.4,4.788382688,
Maternal night shift hours Q4 vs. Q1,1.22,1.05,1.42,0.009,,4.7,1.2,8.3,Maternal,,,soc,22.5,8.5,36.5,16.32403189,
Maternal pre-pregnancy obesity vs. no obesity,3.5,2.91,4.2,0.0001,0.0001,7.9,6.1,9.8,Intrauterine,,,child,34.2,20.3,48,24.81252847,
Birth weight <=2.5 kg vs. 2.6-4.4 kg,1.09,0.78,1.53,0.596,,0.4,-1.1,1.9,Intrauterine,,,other (unexplained),100-63.7,36.3,,,
Birth weight >=4.5 kg vs. 2.6-4.4 kg,1.51,1.16,1.95,0.002,,1.6,0.4,2.7,Intrauterine,,,total,87.9,,,,
Gestational week <37 weeks vs. 37-42 weeks,0.91,0.67,1.24,0.551,,0.0005,-1.9,1.9,Intrauterine,,,,,,,,
Gestational week  >=43 week vs. 37-42 weeks,1.31,1.05,1.65,0.019,,1.9,0.2,3.7,Intrauterine,,,,,,,,
Born by cesarean section vs. vaginal delivery,1.23,1.06,1.42,0.009,,4.7,1.1,8.3,Intrauterine,,,,,,,,
Maternal pregnancy complication vs. no complication,1.32,1.11,1.58,0.002,,3.3,1,5.5,Intrauterine,,,,,,,,
Maternal excess gestational weight gain vs. normal gain†,1.68,1.43,1.97,0.0001,,18.4,12.4,24.3,Intrauterine,,,,,,,,
,,,,,,,,,,,,,,,,,
,,,,,,,,,,,,,,,,,
,,,,,,,,,,,,,,,,,
Exposures,RR,RRLCI,RRUCI,Ptrend,P,Ptrend,,,,,,,,,,,
Western diet score Q2 vs. Q1,1.1,0.93,1.3,***,0.275,0.0001,,,,,,,,,,,
Western diet score Q3 vs. Q1,1.29,1.07,1.55,***,0.008,,,,,,,,,,,,
Western diet score Q4 vs. Q1,1.54,1.26,1.89,***,0.0001,,,,,,,,,,,,
Sedentary time Q2 vs. Q1,1.22,0.98,1.52,,0.08,0.089,,,,,,,,,,,
Sedentary time Q3 vs. Q1,1.24,0.99,1.56,,0.057,,,,,,,,,,,,
Sedentary time Q4 vs. Q1,1.22,1.01,1.49,,0.044,,,,,,,,,,,,
"Physical activity time Q1 vs, Q4",1.32,1.13,1.55,**,0.001,0.002,,,,,,,,,,,
Physical activity time Q2 vs. Q4,1.09,0.92,1.28,**,0.323,,,,,,,,,,,,
Physical activity time Q3 vs. Q4,1.02,0.85,1.23,**,0.816,,,,,,,,,,,,
Paternal education high school and below vs. graduate school,1.46,1.24,1.73,***,0.0001,0.0001,,,,,,,,,,,
Paternal education college vs. graduate school,1.19,1.04,1.36,***,0.011,,,,,,,,,,,,
Household income <50 k vs. >=150 k,1.32,1.06,1.64,**,0.012,0.005,,,,,,,,,,,
Household income 50-99 k vs. >=150 k,1.22,0.96,1.56,**,0.096,,,,,,,,,,,,
Household income 100-149 k vs. >=150 k,1.08,0.86,1.34,**,0.508,,4,,,,,,,,,,
Neighborhood SES score Q1 vs. Q4,1.56,1.29,1.89,***,0.0001,0.0001,3.8,,,,,,,,,,
Neighborhood SES score Q2 vs. Q4,1.4,1.16,1.68,***,0.0004,,3.6,,,,,,,,,,
Neighborhood SES score Q3 vs. Q4,1.23,1.03,1.48,***,0.026,,3.4,,,,,,,,,,
Maternal obserivy vs. no obesity,3.17,2.73,3.69,***,0.0001,0.0001,3.2,,,,,,,,,,
Maternal Western diet score Q2 vs. Q1,1.08,0.9,1.31,**,0.386,0.0004,3,,,,,,,,,,
Maternal Western diet score Q3 vs. Q1,1.17,0.95,1.42,**,0.133,,2.8,,,,,,,,,,
Maternal Western diet score Q4 vs. Q1,1.48,1.2,1.84,**,0.0004,,2.6,,,,,,,,,,
Maternal physical activity Q1 vs. Q4,1.43,1.21,1.69,***,0.0001,0.0001,2.4,,,,,,,,,,
Maternal physical activity Q2 vs. Q4,1.33,1.12,1.58,***,0.001,,2.2,,,,,,,,,,
Maternal physical activity Q3 vs. Q4,1.21,1.02,1.45,***,0.029,,2,,,,,,,,,,
Maternal past smokers vs. never,1.17,1.03,1.34,*,0.017,,1.8,,,,,,,,,,
Maternal current smokers vs. never,1.44,1.14,1.81,**,0.003,,1.6,,,,,,,,,,
Maternal night shift hours Q2 vs. Q1,1.19,1.02,1.4,*,0.029,0.043,1.4,,,,,,,,,,
Maternal night shift hours Q3 vs. Q1,1.19,1.01,1.4,*,0.042,,1.2,,,,,,,,,,
Maternal night shift hours Q4 vs. Q1,1.22,1.05,1.42,*,0.009,,1,,,,,,,,,,
Maternal pre-pregnancy obesity vs. no obesity,3.5,2.91,4.2,***,0.0001,0.0001,0.8,,,,,,,,,,
Birth weight <=2.5 kg vs. 2.6-4.4 kg,1.09,0.78,1.53,,0.596,,0.6,,,,,,,,,,
Birth weight >=4.5 kg vs. 2.6-4.4 kg,1.51,1.16,1.95,**,0.002,,0.4,,,,,,,,,,
Gestational week <37 weeks vs. 37-42 weeks,0.91,0.67,1.24,,0.551,,0.2,,,,,,,,,,
Gestational week  >=43 week vs. 37-42 weeks,1.31,1.05,1.65,*,0.019,,0,,,,,,,,,,
Born by cesarean section vs. vaginal delivery,1.23,1.06,1.42,**,0.009,,,,,,,,,,,,
Maternal pregnancy complication vs. no complication,1.32,1.11,1.58,**,0.002,,,,,,,,,,,,
Maternal excess gestational weight gain vs. normal gain†,1.68,1.43,1.97,***,0.0001,,,,,,,,,,,,