analysis,Parm,mod,group,RR,UCI,LCI,Probt,exposure,cases,total,
unadjusted,chchwestq1,ch,life,1.054,1.392,0.799,0.707,Western Diet Q2 vs. Q1,427,5828,"1.05 (0.8, 1.39)"
unadjusted,chchwestq2,ch,life,1.104,1.534,0.794,0.551,Western Diet Q3 vs. Q1,427,5828,"1.1 (0.79, 1.53)"
unadjusted,chchwestq3,ch,life,1.402,1.981,0.992,0.055,Western Diet Q4 vs. Q1,427,5828,"1.4 (0.99, 1.98)"
unadjusted,chchstq1,ch,life,0.926,1.252,0.685,0.611,Sedentary time Q2 vs. Q1,427,5828,"0.93 (0.69, 1.25)"
unadjusted,chchstq2,ch,life,1.108,1.421,0.864,0.419,Sedentary time Q3 vs. Q1,427,5828,"1.11 (0.86, 1.42)"
unadjusted,chchstq3,ch,life,1.133,1.467,0.874,0.343,Sedentary time Q4 vs. Q1,427,5828,"1.13 (0.87, 1.47)"
unadjusted,chchpaq0,ch,life,1.067,1.358,0.837,0.6,Physical activity Q1 vs. Q4,427,5828,"1.07 (0.84, 1.36)"
unadjusted,chchpaq1,ch,life,0.936,1.205,0.727,0.604,Physical activity Q2 vs. Q4,427,5828,"0.94 (0.73, 1.21)"
unadjusted,chchpaq2,ch,life,0.897,1.208,0.666,0.465,Physical activity Q3 vs. Q4,427,5828,"0.9 (0.67, 1.21)"
unadjusted,chwestv_chm,ch,life,1.194,1.428,0.999,0.052,Western Diet (trend),427,5828,"1.19 (1, 1.43)"
unadjusted,chstv_chm,ch,life,1.005,1.011,0.998,0.161,Sedentary time (trend),427,5828,"1.01 (1, 1.01)"
unadjusted,chpav_chm,ch,life,0.997,1.01,0.985,0.663,Physical activity (trend),427,5828,"1 (0.99, 1.01)"
unadjusted,adolchwestq1,adol,life,0.873,1.119,0.682,0.284,Western Diet Q2 vs. Q1,427,5828,"0.87 (0.68, 1.12)"
unadjusted,adolchwestq2,adol,life,1.014,1.323,0.777,0.918,Western Diet Q3 vs. Q1,427,5828,"1.01 (0.78, 1.32)"
unadjusted,adolchwestq3,adol,life,0.899,1.286,0.628,0.561,Western Diet Q4 vs. Q1,427,5828,"0.9 (0.63, 1.29)"
unadjusted,adolchstq1,adol,life,1.382,1.844,1.036,0.028,Sedentary time Q2 vs. Q1,427,5828,"1.38 (1.04, 1.84)"
unadjusted,adolchstq2,adol,life,1.533,2.078,1.13,0.006,Sedentary time Q3 vs. Q1,427,5828,"1.53 (1.13, 2.08)"
unadjusted,adolchstq3,adol,life,2.3,3.068,1.724,0,Sedentary time Q4 vs. Q1,427,5828,"2.3 (1.72, 3.07)"
unadjusted,adolchpaq0,adol,life,0.816,1.088,0.612,0.163,Physical activity Q1 vs. Q4,427,5828,"0.82 (0.61, 1.09)"
unadjusted,adolchpaq1,adol,life,0.807,1.063,0.612,0.126,Physical activity Q2 vs. Q4,427,5828,"0.81 (0.61, 1.06)"
unadjusted,adolchpaq2,adol,life,0.755,1.025,0.557,0.071,Physical activity Q3 vs. Q4,427,5828,"0.76 (0.56, 1.03)"
unadjusted,chwestv_adolm,adol,life,0.969,1.195,0.787,0.771,Western Diet (trend),427,5828,"0.97 (0.79, 1.2)"
unadjusted,chstv_adolm,adol,life,1.026,1.034,1.017,0,Sedentary time (trend),427,5828,"1.03 (1.02, 1.03)"
unadjusted,chpav_adolm,adol,life,1.01,1.026,0.993,0.243,Physical activity (trend),427,5828,"1.01 (0.99, 1.03)"
adjusted,chchwestq1,ch,life,1.054,1.392,0.799,0.707,Western Diet Q2 vs. Q1,427,5828,"1.05 (0.8, 1.39)"
adjusted,chchwestq2,ch,life,1.104,1.534,0.794,0.551,Western Diet Q3 vs. Q1,427,5828,"1.1 (0.79, 1.53)"
adjusted,chchwestq3,ch,life,1.402,1.981,0.992,0.055,Western Diet Q4 vs. Q1,427,5828,"1.4 (0.99, 1.98)"
adjusted,chchstq1,ch,life,0.926,1.252,0.685,0.611,Sedentary time Q2 vs. Q1,427,5828,"0.93 (0.69, 1.25)"
adjusted,chchstq2,ch,life,1.108,1.421,0.864,0.419,Sedentary time Q3 vs. Q1,427,5828,"1.11 (0.86, 1.42)"
adjusted,chchstq3,ch,life,1.133,1.467,0.874,0.343,Sedentary time Q4 vs. Q1,427,5828,"1.13 (0.87, 1.47)"
adjusted,chchpaq0,ch,life,1.067,1.358,0.837,0.6,Physical activity Q1 vs. Q4,427,5828,"1.07 (0.84, 1.36)"
adjusted,chchpaq1,ch,life,0.936,1.205,0.727,0.604,Physical activity Q2 vs. Q4,427,5828,"0.94 (0.73, 1.21)"
adjusted,chchpaq2,ch,life,0.897,1.208,0.666,0.465,Physical activity Q3 vs. Q4,427,5828,"0.9 (0.67, 1.21)"
adjusted,chwestv_chm,ch,life,1.194,1.428,0.999,0.052,Western Diet (trend),427,5828,"1.19 (1, 1.43)"
adjusted,chstv_chm,ch,life,1.005,1.011,0.998,0.161,Sedentary time (trend),427,5828,"1.01 (1, 1.01)"
adjusted,chpav_chm,ch,life,0.997,1.01,0.985,0.663,Physical activity (trend),427,5828,"1 (0.99, 1.01)"
adjusted,adolchwestq1,adol,life,0.88,1.126,0.688,0.309,Western Diet Q2 vs. Q1,427,5828,"0.88 (0.69, 1.13)"
adjusted,adolchwestq2,adol,life,1.005,1.316,0.768,0.968,Western Diet Q3 vs. Q1,427,5828,"1.01 (0.77, 1.32)"
adjusted,adolchwestq3,adol,life,0.903,1.287,0.633,0.572,Western Diet Q4 vs. Q1,427,5828,"0.9 (0.63, 1.29)"
adjusted,adolchstq1,adol,life,1.411,1.883,1.058,0.019,Sedentary time Q2 vs. Q1,427,5828,"1.41 (1.06, 1.88)"
adjusted,adolchstq2,adol,life,1.573,2.141,1.155,0.004,Sedentary time Q3 vs. Q1,427,5828,"1.57 (1.16, 2.14)"
adjusted,adolchstq3,adol,life,2.372,3.217,1.748,0,Sedentary time Q4 vs. Q1,427,5828,"2.37 (1.75, 3.22)"
adjusted,adolchpaq0,adol,life,0.894,1.214,0.658,0.47,Physical activity Q1 vs. Q4,427,5828,"0.89 (0.66, 1.21)"
adjusted,adolchpaq1,adol,life,0.858,1.149,0.641,0.303,Physical activity Q2 vs. Q4,427,5828,"0.86 (0.64, 1.15)"
adjusted,adolchpaq2,adol,life,0.782,1.071,0.571,0.125,Physical activity Q3 vs. Q4,427,5828,"0.78 (0.57, 1.07)"
adjusted,chwestv_adolm,adol,life,0.971,1.193,0.79,0.777,Western Diet (trend),427,5828,"0.97 (0.79, 1.19)"
adjusted,chstv_adolm,adol,life,1.026,1.035,1.017,0,Sedentary time (trend),427,5828,"1.03 (1.02, 1.04)"
adjusted,chpav_adolm,adol,life,1.005,1.022,0.988,0.579,Physical activity (trend),427,5828,"1.01 (0.99, 1.02)"
unadjusted,pregmowestq1,preg,mom,1.104,1.913,0.637,0.718,Maternal Western Diet Q2 vs. Q1,193,3795,"1.1 (0.64, 1.91)"
unadjusted,pregmowestq2,preg,mom,1.164,2.287,0.592,0.644,Maternal Western Diet Q3 vs. Q1,193,3795,"1.16 (0.59, 2.29)"
unadjusted,pregmowestq3,preg,mom,1.16,2.129,0.632,0.629,Maternal Western Diet Q4 vs. Q1,193,3795,"1.16 (0.63, 2.13)"
unadjusted,pregmopaq0,preg,mom,1.576,2.467,1.007,0.046,Maternal physical activity Q1 vs. Q4,193,3795,"1.58 (1.01, 2.47)"
unadjusted,pregmopaq1,preg,mom,1.077,1.849,0.627,0.783,Maternal physical activity Q2 vs. Q4,193,3795,"1.08 (0.63, 1.85)"
unadjusted,pregmopaq2,preg,mom,1.202,1.973,0.733,0.457,Maternal physical activity Q3 vs. Q4,193,3795,"1.2 (0.73, 1.97)"
unadjusted,mosmkv_preg,preg,mom,1.094,1.836,0.652,0.712,Maternal smoking Ever vs. Never,193,3795,"1.09 (0.65, 1.84)"
unadjusted,moshiftb_preg,preg,mom,1.096,1.619,0.741,0.64,Maternal Shiftwork Some vs. None,193,3795,"1.1 (0.74, 1.62)"
unadjusted,earlychmowestq1,earlych,mom,1.102,1.768,0.688,0.683,Maternal Western Diet Q2 vs. Q1,193,3795,"1.1 (0.69, 1.77)"
unadjusted,earlychmowestq2,earlych,mom,0.982,1.722,0.561,0.95,Maternal Western Diet Q3 vs. Q1,193,3795,"0.98 (0.56, 1.72)"
unadjusted,earlychmowestq3,earlych,mom,1.239,2.226,0.69,0.471,Maternal Western Diet Q4 vs. Q1,193,3795,"1.24 (0.69, 2.23)"
unadjusted,earlychmopaq0,earlych,mom,1.42,2.19,0.921,0.112,Maternal physical activity Q1 vs. Q4,193,3795,"1.42 (0.92, 2.19)"
unadjusted,earlychmopaq1,earlych,mom,1.228,1.888,0.799,0.347,Maternal physical activity Q2 vs. Q4,193,3795,"1.23 (0.8, 1.89)"
unadjusted,earlychmopaq2,earlych,mom,1.066,1.662,0.683,0.777,Maternal physical activity Q3 vs. Q4,193,3795,"1.07 (0.68, 1.66)"
unadjusted,mosmkv_earlych,earlych,mom,1.079,1.831,0.636,0.759,Maternal smoking Ever vs. Never,193,3795,"1.08 (0.64, 1.83)"
unadjusted,moshiftb_earlych,earlych,mom,1.371,1.862,1.01,0.043,Maternal Shiftwork Some vs. None,193,3795,"1.37 (1.01, 1.86)"
unadjusted,chmowestq1,ch,mom,1.012,1.731,0.592,0.965,Maternal Western Diet Q2 vs. Q1,193,3795,"1.01 (0.59, 1.73)"
unadjusted,chmowestq2,ch,mom,0.982,1.651,0.584,0.945,Maternal Western Diet Q3 vs. Q1,193,3795,"0.98 (0.58, 1.65)"
unadjusted,chmowestq3,ch,mom,1.358,2.364,0.78,0.278,Maternal Western Diet Q4 vs. Q1,193,3795,"1.36 (0.78, 2.36)"
unadjusted,chmopaq0,ch,mom,1.26,1.901,0.835,0.269,Maternal physical activity Q1 vs. Q4,193,3795,"1.26 (0.84, 1.9)"
unadjusted,chmopaq1,ch,mom,1.008,1.582,0.642,0.973,Maternal physical activity Q2 vs. Q4,193,3795,"1.01 (0.64, 1.58)"
unadjusted,chmopaq2,ch,mom,0.957,1.5,0.611,0.847,Maternal physical activity Q3 vs. Q4,193,3795,"0.96 (0.61, 1.5)"
unadjusted,mosmkv_ch,ch,mom,1.091,1.82,0.654,0.719,Maternal smoking Ever vs. Never,193,3795,"1.09 (0.65, 1.82)"
unadjusted,moshiftb_ch,ch,mom,1.136,1.576,0.819,0.443,Maternal Shiftwork Some vs. None,193,3795,"1.14 (0.82, 1.58)"
unadjusted,adolmowestq1,adol,mom,1.237,2.378,0.643,0.494,Maternal Western Diet Q2 vs. Q1,193,3795,"1.24 (0.64, 2.38)"
unadjusted,adolmowestq2,adol,mom,1.009,1.77,0.575,0.975,Maternal Western Diet Q3 vs. Q1,193,3795,"1.01 (0.58, 1.77)"
unadjusted,adolmowestq3,adol,mom,0.99,1.874,0.524,0.976,Maternal Western Diet Q4 vs. Q1,193,3795,"0.99 (0.52, 1.87)"
unadjusted,adolmopaq0,adol,mom,1.573,2.593,0.954,0.075,Maternal physical activity Q1 vs. Q4,193,3795,"1.57 (0.95, 2.59)"
unadjusted,adolmopaq1,adol,mom,1.284,2.042,0.807,0.288,Maternal physical activity Q2 vs. Q4,193,3795,"1.28 (0.81, 2.04)"
unadjusted,adolmopaq2,adol,mom,1.044,1.718,0.634,0.864,Maternal physical activity Q3 vs. Q4,193,3795,"1.04 (0.63, 1.72)"
unadjusted,mosmkv_adol,adol,mom,1.106,1.836,0.667,0.673,Maternal smoking Ever vs. Never,193,3795,"1.11 (0.67, 1.84)"
unadjusted,moshiftb_adol,adol,mom,0.664,0.901,0.49,0.009,Maternal Shiftwork Some vs. None,193,3795,"0.66 (0.49, 0.9)"
unadjusted,mowestv_pregm,preg,mom,1.072,1.43,0.803,0.632,Maternal Western Diet (trend),193,3795,"1.07 (0.8, 1.43)"
unadjusted,mopav_pregm,preg,mom,0.992,1.003,0.981,0.134,Maternal  physical activity (trend),193,3795,"0.99 (0.98, 1)"
unadjusted,mowestv_earlychm,earlych,mom,1.096,1.438,0.836,0.504,Maternal Western Diet (trend),193,3795,"1.1 (0.84, 1.44)"
unadjusted,mopav_earlychm,earlych,mom,0.992,1.003,0.981,0.142,Maternal  physical activity (trend),193,3795,"0.99 (0.98, 1)"
unadjusted,mowestv_chm,ch,mom,1.17,1.507,0.908,0.226,Maternal Western Diet (trend),193,3795,"1.17 (0.91, 1.51)"
unadjusted,mopav_chm,ch,mom,0.995,1.007,0.983,0.411,Maternal  physical activity (trend),193,3795,"1 (0.98, 1.01)"
unadjusted,mowestv_adolm,adol,mom,0.963,1.266,0.733,0.785,Maternal Western Diet (trend),193,3795,"0.96 (0.73, 1.27)"
unadjusted,mopav_adolm,adol,mom,0.99,1.002,0.978,0.092,Maternal  physical activity (trend),193,3795,"0.99 (0.98, 1)"
adjusted,pregmowestq1,preg,mom,1.104,1.913,0.637,0.718,Maternal Western Diet Q2 vs. Q1,193,3795,"1.1 (0.64, 1.91)"
adjusted,pregmowestq2,preg,mom,1.164,2.287,0.592,0.644,Maternal Western Diet Q3 vs. Q1,193,3795,"1.16 (0.59, 2.29)"
adjusted,pregmowestq3,preg,mom,1.16,2.129,0.632,0.629,Maternal Western Diet Q4 vs. Q1,193,3795,"1.16 (0.63, 2.13)"
adjusted,pregmopaq0,preg,mom,1.576,2.467,1.007,0.046,Maternal physical activity Q1 vs. Q4,193,3795,"1.58 (1.01, 2.47)"
adjusted,pregmopaq1,preg,mom,1.077,1.849,0.627,0.783,Maternal physical activity Q2 vs. Q4,193,3795,"1.08 (0.63, 1.85)"
adjusted,pregmopaq2,preg,mom,1.202,1.973,0.733,0.457,Maternal physical activity Q3 vs. Q4,193,3795,"1.2 (0.73, 1.97)"
adjusted,mosmkv_preg,preg,mom,1.094,1.836,0.652,0.712,Maternal smoking Ever vs. Never,193,3795,"1.09 (0.65, 1.84)"
adjusted,moshiftb_preg,preg,mom,1.096,1.619,0.741,0.64,Maternal Shiftwork Some vs. None,193,3795,"1.1 (0.74, 1.62)"
adjusted,earlychmowestq1,earlych,mom,1.01,1.663,0.614,0.967,Maternal Western Diet Q2 vs. Q1,193,3795,"1.01 (0.61, 1.66)"
adjusted,earlychmowestq2,earlych,mom,0.844,1.589,0.448,0.593,Maternal Western Diet Q3 vs. Q1,193,3795,"0.84 (0.45, 1.59)"
adjusted,earlychmowestq3,earlych,mom,0.932,2.002,0.434,0.855,Maternal Western Diet Q4 vs. Q1,193,3795,"0.93 (0.43, 2)"
adjusted,earlychmopaq0,earlych,mom,1.685,2.97,0.956,0.07,Maternal physical activity Q1 vs. Q4,193,3795,"1.69 (0.96, 2.97)"
adjusted,earlychmopaq1,earlych,mom,1.455,2.512,0.843,0.174,Maternal physical activity Q2 vs. Q4,193,3795,"1.46 (0.84, 2.51)"
adjusted,earlychmopaq2,earlych,mom,1.209,2.085,0.701,0.486,Maternal physical activity Q3 vs. Q4,193,3795,"1.21 (0.7, 2.09)"
adjusted,mosmkv_earlych,earlych,mom,1.076,1.821,0.636,0.765,Maternal smoking Ever vs. Never,193,3795,"1.08 (0.64, 1.82)"
adjusted,moshiftb_earlych,earlych,mom,1.421,2.082,0.971,0.07,Maternal Shiftwork Some vs. None,193,3795,"1.42 (0.97, 2.08)"
adjusted,chmowestq1,ch,mom,0.856,1.552,0.472,0.594,Maternal Western Diet Q2 vs. Q1,193,3795,"0.86 (0.47, 1.55)"
adjusted,chmowestq2,ch,mom,0.722,1.345,0.388,0.3,Maternal Western Diet Q3 vs. Q1,193,3795,"0.72 (0.39, 1.35)"
adjusted,chmowestq3,ch,mom,0.764,1.705,0.342,0.506,Maternal Western Diet Q4 vs. Q1,193,3795,"0.76 (0.34, 1.71)"
adjusted,chmopaq0,ch,mom,1.221,1.934,0.771,0.391,Maternal physical activity Q1 vs. Q4,193,3795,"1.22 (0.77, 1.93)"
adjusted,chmopaq1,ch,mom,0.992,1.585,0.621,0.973,Maternal physical activity Q2 vs. Q4,193,3795,"0.99 (0.62, 1.59)"
adjusted,chmopaq2,ch,mom,0.954,1.501,0.606,0.836,Maternal physical activity Q3 vs. Q4,193,3795,"0.95 (0.61, 1.5)"
adjusted,mosmkv_ch,ch,mom,1.084,1.813,0.648,0.739,Maternal smoking Ever vs. Never,193,3795,"1.08 (0.65, 1.81)"
adjusted,moshiftb_ch,ch,mom,0.971,1.446,0.652,0.885,Maternal Shiftwork Some vs. None,193,3795,"0.97 (0.65, 1.45)"
adjusted,adolmowestq1,adol,mom,1.159,2.249,0.598,0.639,Maternal Western Diet Q2 vs. Q1,193,3795,"1.16 (0.6, 2.25)"
adjusted,adolmowestq2,adol,mom,0.917,1.634,0.514,0.764,Maternal Western Diet Q3 vs. Q1,193,3795,"0.92 (0.51, 1.63)"
adjusted,adolmowestq3,adol,mom,0.816,1.582,0.421,0.54,Maternal Western Diet Q4 vs. Q1,193,3795,"0.82 (0.42, 1.58)"
adjusted,adolmopaq0,adol,mom,1.646,3.022,0.896,0.105,Maternal physical activity Q1 vs. Q4,193,3795,"1.65 (0.9, 3.02)"
adjusted,adolmopaq1,adol,mom,1.353,2.293,0.798,0.257,Maternal physical activity Q2 vs. Q4,193,3795,"1.35 (0.8, 2.29)"
adjusted,adolmopaq2,adol,mom,1.085,1.87,0.63,0.764,Maternal physical activity Q3 vs. Q4,193,3795,"1.09 (0.63, 1.87)"
adjusted,mosmkv_adol,adol,mom,1.075,1.791,0.646,0.763,Maternal smoking Ever vs. Never,193,3795,"1.08 (0.65, 1.79)"
adjusted,moshiftb_adol,adol,mom,0.627,0.854,0.46,0.003,Maternal Shiftwork Some vs. None,193,3795,"0.63 (0.46, 0.85)"
adjusted,mowestv_pregm,preg,mom,1.072,1.43,0.803,0.632,Maternal Western Diet (trend),193,3795,"1.07 (0.8, 1.43)"
adjusted,mopav_pregm,preg,mom,0.992,1.003,0.981,0.134,Maternal  physical activity (trend),193,3795,"0.99 (0.98, 1)"
adjusted,mowestv_earlychm,earlych,mom,0.955,1.369,0.666,0.8,Maternal Western Diet (trend),193,3795,"0.96 (0.67, 1.37)"
adjusted,mopav_earlychm,earlych,mom,0.987,1.001,0.972,0.072,Maternal  physical activity (trend),193,3795,"0.99 (0.97, 1)"
adjusted,mowestv_chm,ch,mom,0.879,1.278,0.605,0.496,Maternal Western Diet (trend),193,3795,"0.88 (0.61, 1.28)"
adjusted,mopav_chm,ch,mom,0.996,1.009,0.982,0.531,Maternal  physical activity (trend),193,3795,"1 (0.98, 1.01)"
adjusted,mowestv_adolm,adol,mom,0.874,1.163,0.656,0.353,Maternal Western Diet (trend),193,3795,"0.87 (0.66, 1.16)"
adjusted,mopav_adolm,adol,mom,0.988,1.003,0.975,0.105,Maternal  physical activity (trend),193,3795,"0.99 (0.98, 1)"
unadjusted,moob_preg,preg,mom,2.78,4.46,1.73,0,Maternal Obesity,193,3795,"2.78 (1.73, 4.46)"
unadjusted,moob_earlych,earlych,mom,2.59,4,1.68,0,Maternal Obesity,193,3795,"2.59 (1.68, 4)"
unadjusted,moob_ch,ch,mom,2.92,4.23,2.01,0,Maternal Obesity,193,3795,"2.92 (2.01, 4.23)"
unadjusted,moob_adol,adol,mom,3.03,4.34,2.12,0,Maternal Obesity,193,3795,"3.03 (2.12, 4.34)"
adjusted,moob_preg,preg,mom,2.78,4.46,1.73,0,Maternal Obesity,193,3795,"2.78 (1.73, 4.46)"
adjusted,moob_earlych,earlych,mom,2.19,4.26,1.12,0.02,Maternal Obesity,193,3795,"2.19 (1.12, 4.26)"
adjusted,moob_ch,ch,mom,2.7,4.46,1.64,0,Maternal Obesity,193,3795,"2.7 (1.64, 4.46)"
adjusted,moob_adol,adol,mom,2.23,4.27,1.17,0.02,Maternal Obesity,193,3795,"2.23 (1.17, 4.27)"
unadjusted,pregsesq0,preg,socio,1.173,1.77,0.778,0.44,nSES Q1 vs. Q4,292,7107,"1.17 (0.78, 1.77)"
unadjusted,pregsesq1,preg,socio,1.036,1.562,0.686,0.866,nSES Q2 vs. Q4,292,7107,"1.04 (0.69, 1.56)"
unadjusted,pregsesq2,preg,socio,0.984,1.453,0.666,0.935,nSES Q3 vs. Q4,292,7107,"0.98 (0.67, 1.45)"
unadjusted,earlychsesq0,earlych,socio,1.309,2.14,0.8,0.269,nSES Q1 vs. Q4,292,7107,"1.31 (0.8, 2.14)"
unadjusted,earlychsesq1,earlych,socio,1.088,1.681,0.704,0.699,nSES Q2 vs. Q4,292,7107,"1.09 (0.7, 1.68)"
unadjusted,earlychsesq2,earlych,socio,1.021,1.535,0.679,0.919,nSES Q3 vs. Q4,292,7107,"1.02 (0.68, 1.54)"
unadjusted,chsesq0,ch,socio,1.379,2.067,0.92,0.118,nSES Q1 vs. Q4,292,7107,"1.38 (0.92, 2.07)"
unadjusted,chsesq1,ch,socio,1.027,1.671,0.631,0.911,nSES Q2 vs. Q4,292,7107,"1.03 (0.63, 1.67)"
unadjusted,chsesq2,ch,socio,1.056,1.554,0.717,0.782,nSES Q3 vs. Q4,292,7107,"1.06 (0.72, 1.55)"
unadjusted,adolsesq0,adol,socio,1.529,2.458,0.951,0.078,nSES Q1 vs. Q4,292,7107,"1.53 (0.95, 2.46)"
unadjusted,adolsesq1,adol,socio,1.039,1.801,0.599,0.885,nSES Q2 vs. Q4,292,7107,"1.04 (0.6, 1.8)"
unadjusted,adolsesq2,adol,socio,1.015,1.609,0.64,0.947,nSES Q3 vs. Q4,292,7107,"1.02 (0.64, 1.61)"
unadjusted,sesv_pregm,preg,socio,0.979,1.032,0.928,0.424,nSES (trend),292,7107,"0.98 (0.93, 1.03)"
unadjusted,sesv_earlychm,earlych,socio,0.965,1.03,0.905,0.27,nSES (trend),292,7107,"0.97 (0.91, 1.03)"
unadjusted,sesv_chm,ch,socio,0.963,1.016,0.912,0.163,nSES (trend),292,7107,"0.96 (0.91, 1.02)"
unadjusted,sesv_adolm,adol,socio,0.951,1.009,0.896,0.091,nSES (trend),292,7107,"0.95 (0.9, 1.01)"
adjusted,pregsesq0,preg,socio,1.173,1.77,0.778,0.44,nSES Q1 vs. Q4,292,7107,"1.17 (0.78, 1.77)"
adjusted,pregsesq1,preg,socio,1.036,1.562,0.686,0.866,nSES Q2 vs. Q4,292,7107,"1.04 (0.69, 1.56)"
adjusted,pregsesq2,preg,socio,0.984,1.453,0.666,0.935,nSES Q3 vs. Q4,292,7107,"0.98 (0.67, 1.45)"
adjusted,earlychsesq0,earlych,socio,1.281,2.604,0.63,0.472,nSES Q1 vs. Q4,292,7107,"1.28 (0.63, 2.6)"
adjusted,earlychsesq1,earlych,socio,1.072,1.888,0.609,0.802,nSES Q2 vs. Q4,292,7107,"1.07 (0.61, 1.89)"
adjusted,earlychsesq2,earlych,socio,1.012,1.652,0.62,0.962,nSES Q3 vs. Q4,292,7107,"1.01 (0.62, 1.65)"
adjusted,chsesq0,ch,socio,1.448,2.455,0.855,0.166,nSES Q1 vs. Q4,292,7107,"1.45 (0.86, 2.46)"
adjusted,chsesq1,ch,socio,1.064,1.772,0.639,0.806,nSES Q2 vs. Q4,292,7107,"1.06 (0.64, 1.77)"
adjusted,chsesq2,ch,socio,1.079,1.688,0.69,0.734,nSES Q3 vs. Q4,292,7107,"1.08 (0.69, 1.69)"
adjusted,adolsesq0,adol,socio,1.476,3.133,0.695,0.299,nSES Q1 vs. Q4,292,7107,"1.48 (0.7, 3.13)"
adjusted,adolsesq1,adol,socio,1.012,1.984,0.516,0.971,nSES Q2 vs. Q4,292,7107,"1.01 (0.52, 1.98)"
adjusted,adolsesq2,adol,socio,0.998,1.694,0.588,0.995,nSES Q3 vs. Q4,292,7107,"1 (0.59, 1.69)"
adjusted,sesv_pregm,preg,socio,0.979,1.032,0.928,0.424,nSES (trend),292,7107,"0.98 (0.93, 1.03)"
adjusted,sesv_earlychm,earlych,socio,0.968,1.061,0.883,0.468,nSES (trend),292,7107,"0.97 (0.88, 1.06)"
adjusted,sesv_chm,ch,socio,0.958,1.022,0.897,0.188,nSES (trend),292,7107,"0.96 (0.9, 1.02)"
adjusted,sesv_adolm,adol,socio,0.955,1.048,0.869,0.319,nSES (trend),292,7107,"0.96 (0.87, 1.05)"